session_id,tunnel_id,source,completed,fail_reason,n_points,duration_ms,speed_mean,speed_std,speed_min,speed_max,speed_median,accel_mean,accel_std,accel_max,jerk_mean,jerk_std,jerk_max,curvature_mean,curvature_std,curvature_max,dt_mean,dt_std,dt_min,dt_max,path_length,straight_line_dist,path_efficiency,direction_changes,centerline_dev_mean,centerline_dev_std,tremor_power_8_12hz,is_agent
02478c7f-7f42-48b5-991a-7735f0a832d9,5,human,False,out_of_bounds,90,900.0999999046326,0.6285224893033035,0.5015393950995551,0.0,2.106167358582662,0.47392018425510174,-0.003489692400865153,0.030314570626168158,0.0635911693940417,0.00021497233881660665,0.005467794107052414,0.01936548329742363,0.01777734643123637,0.038076310554063846,0.25,10.113483144995872,2.906528525567752,4.0,17.40000009536743,524.3725952510885,287.8367592924851,0.5489164801884021,6,12.981915084373519,7.752411313230126,9.074921882663105,0
02612c62-c385-479f-839e-95b35fbf2506,3,human,True,,127,1048.8999998569489,0.589954527680268,0.24053112621204806,0.1204819249421562,1.5334845945156745,0.5988238652476375,-0.0002450245211769883,0.023551494000582016,0.08211430272158411,0.00019188232184140543,0.00471367740773321,0.018514111206695816,0.013290385323146069,0.0214612729689714,0.1280077375904375,8.324603173467848,0.36551475412587153,7.299999952316284,9.400000095367432,617.9786398698421,475.0010526304126,0.7686366841586251,1,12.3726826349066,7.709317791213976,3.029949568510883,0
046f1712-2dda-44ef-bc21-8128d910a59a,3,human,True,,167,1412.1999998092651,0.4901279410731713,0.24826543965639958,0.026737968016708476,1.4102048166221002,0.4370525715617673,-0.00024755596467903354,0.018746425856997227,0.05367853050008234,3.178809038297376e-05,0.0037171436442167377,0.01026033185678095,0.029901365984307413,0.052616119455348054,0.35355339059327373,8.507228914513645,2.3144534314347887,4.299999952316284,37.39999985694885,678.182393105109,474.0042193905029,0.698933243047256,11,8.502775684671414,6.117335665996792,8.61139049260326,0
05c48230-2a09-4e7a-958b-06a46ed28bfd,5,human,True,,135,1361.5,0.5494795911686029,0.316444957392586,0.0,1.4076239981768968,0.4967597167837361,-0.004108872588710408,0.032224974849436545,0.06109840899542941,0.0004276994890395293,0.006906120159986212,0.04417435238557313,0.027674062410841856,0.0579721335434152,0.35355339059327373,10.16044776119403,3.1478023206633807,4.400000095367432,22.799999952316284,686.4995422774916,474.89367230991826,0.6917610909607284,9,9.192257022988843,5.894686734561689,3.6544870928131896,0
062e8703-00f9-40f6-979e-b03ff07cac7e,1,human,True,,165,1387.0999999046326,0.507722210666237,0.29986233536733375,0.0,1.5066174676312585,0.42418250299576343,-0.0004975720903595516,0.024160007959217508,0.10894070250733494,7.709914821742567e-05,0.005053295637116579,0.019425502325757526,0.06843494539015492,0.4715430229088543,6.0,8.457926828686784,1.7690077311141812,6.300000190734863,30.59999990463257,693.319564712443,486.9917863783742,0.7024059483744064,11,12.212218206787602,8.184035605948768,2.2727050982556585,0
076265eb-8cf5-40ce-b5f5-20b2c5079185,8,human,True,,166,1379.0,0.49873218740550884,0.22640768681081233,0.0,1.2436632887662296,0.45069390943299864,-0.000558798880795164,0.017921598612126707,0.05757982093834909,8.423761487216829e-05,0.003664970615743965,0.01171035146620397,0.028633344699130606,0.0644761133359128,0.5,8.357575757575757,0.6476204877836189,7.299999952316284,12.899999856948853,684.4330264790337,488.1721008005271,0.7132503574701203,7,10.99162986986277,7.221489400895959,2.8332348098024935,0
096e027b-0dc1-4b5c-9940-f99a207c0d0a,0,human,False,out_of_bounds,62,507.40000009536743,0.6869322469600049,0.468920764604428,0.11904761769603982,1.9049865532143053,0.5323971314555038,0.001184531453273316,0.029288768418911693,0.08821400357721425,0.00020376521937023735,0.005692079788127118,0.0115846538563122,0.040245190064788154,0.1575695378715053,1.2521980673998823,8.318032788448646,0.1971171043303196,7.5,9.099999904632568,348.40297307582347,295.53003231482245,0.8482419931890357,6,14.380366906384001,9.957656434852739,12.568290183890243,0
09fb84e7-0716-4d30-a4fb-433dc0c81d67,6,human,True,,157,1304.3999998569489,0.47365750606673346,0.16279097199766016,0.12195121880303814,1.0336227945622467,0.43970137249968216,-0.00029078222184028953,0.01475423705489319,0.032741374184234825,3.355837381561827e-05,0.00300666067527283,0.008225245056282195,0.023946947353922835,0.06922396921134435,0.7155417527999327,8.361538460621468,0.533068230970218,7.299999952316284,12.700000047683716,616.7288070726928,529.2343526265089,0.8581313967455535,4,11.301167277807338,8.074646117363391,2.9719944579534405,0
0a954619-e8c9-4e28-874a-b14d454b9553,2,human,True,,159,1317.1000001430511,0.46729955385274563,0.16953548833284746,0.16070608750410892,1.1973434285972862,0.43440377062385244,-0.0004091513209893313,0.0179222951460713,0.06015871623850009,5.7583266162239615e-05,0.0037425289180712724,0.01273647065120619,0.01678056294739932,0.01980327050911978,0.12649110640673517,8.336075950272475,0.20721734608742148,7.400000095367432,9.299999952316284,614.6783207676639,517.130544446951,0.8413027220499876,3,10.218779333784346,6.6904084188284525,2.1121634061744334,0
0bd799c1-b757-4b10-8be7-b132076379d6,2,human,True,,152,1274.5,0.5055826272209052,0.23129988562943724,0.0392156862745098,1.5708921097326995,0.49913419848462176,-0.0006139749130197384,0.01894510730523433,0.04629912426661904,8.399765412617242e-05,0.003624901518055015,0.014595311989533248,0.02268222497720193,0.0623288274772247,0.6666666666666666,8.440397350993377,1.4123006839442176,7.3999998569488525,25.5,635.4218043825529,515.1087263869639,0.8106563590267434,3,11.976606101184066,6.746761616011404,6.873233891631495,0
0f085a5c-4bc7-4650-94de-3aec05e98647,0,human,True,,166,1375.0,0.4828388220969768,0.26805228183545027,0.10752688227175068,1.9525261048392055,0.43440377062385244,-0.0006185198990986452,0.020048408203029496,0.11279603285199313,7.35464760235557e-05,0.003901347882074157,0.013883028339533934,0.037540447297088046,0.11558682633477303,1.0606601717798212,8.333333333333334,0.5167888396228956,7.199999809265137,9.400000095367432,662.3404198439966,512.7855302170684,0.7742023812133443,11,11.861483427518987,7.867933354543148,4.767687076143114,0
13e7e274-586f-4557-bf90-81d09efd0be1,5,human,True,,177,1487.0999999046326,0.48009913196342696,0.27091125154576035,0.03311258272917447,1.8132793417999413,0.3809973106428611,-0.00042804563762617327,0.021272049729929864,0.09444353082378544,4.5971366078527244e-05,0.004390812457910657,0.01917184450282795,0.022518299825850786,0.0570929736431755,0.7155417527999327,8.449431817639958,1.6526836732502075,6.8999998569488525,30.200000047683716,704.3230271514304,486.3589209626981,0.6905338917140504,6,8.816350946901048,5.191407537433273,4.546114235295888,0
14216015-a33f-4f6c-802a-98f298b0ec6e,3,human,False,out_of_bounds,90,743.5999999046326,0.5712847457417894,0.30416556556987556,0.11904761769603982,1.6298006013006623,0.5388115484613775,0.0004207507846965148,0.02465857920570568,0.09195620335634706,5.743427161159836e-05,0.005242688445704332,0.016414253555378164,0.021870622882893095,0.051333584471341155,0.2683281572999747,8.355056178703737,0.5462869967073163,7.299999952316284,12.099999904632568,424.41222601751264,334.0538878684096,0.7870977021633336,4,14.031471849339855,8.310226679988928,3.6192502742056725,0
16413549-40ea-44fb-b4cb-56dbee02b652,6,human,True,,141,1162.2999999523163,0.5062605046994516,0.15834583708739886,0.0,0.9488292949230778,0.494990050361772,-0.0007085579375416496,0.02190479328984057,0.07412728756128278,0.0001224210578326689,0.004626023427426873,0.013634626274857292,0.01728915319375189,0.02599852669907652,0.22360679774997896,8.30214285680226,0.5849869296347886,6.400000095367432,9.5,585.3532340996551,515.3193184812694,0.8803561481536761,4,9.159820567213655,5.357191496656892,1.152794190314409,0
16d8a908-893b-4cf2-9394-9ecbbd14ae9f,9,human,True,,141,1440.2999999523163,0.5290238334004999,0.38131150388428825,0.0,2.103625329428263,0.3983282080424082,-0.00257105460878326,0.027690888014296908,0.1370489476310758,4.496673962577958e-05,0.0047599732941156145,0.01688403266514321,0.05073979773411023,0.1567877792755168,1.0606601717798212,10.287857142516545,3.1691474368692907,5.700000047683716,23.300000190734863,712.1111545356152,488.3646178829912,0.6857982981624062,10,8.99108334115245,6.436215412434723,6.7149971090165765,0
17f77f40-7fb5-4b8b-acdd-c15cf4ea4be2,9,human,True,,168,1392.3000001907349,0.494651911332391,0.26110553752232757,0.0,1.4335231885546944,0.43970137249968216,-0.00018963221544462532,0.020801230562875212,0.06158572704118809,3.957423822054457e-05,0.004181917886359533,0.013780352399711175,0.052486566779048095,0.18318295755184197,2.0,8.33712574964512,0.21955072178227095,7.599999904632568,9.100000143051147,688.3224523502536,482.7017712832635,0.7012727387216482,11,8.725541285664399,6.157850073971903,4.717832547635015,0
1bd09d4b-afec-407a-b205-ad8f3863ec79,5,human,True,,164,1358.4000000953674,0.4929450065195408,0.22550643072748916,0.0,1.4706693597422509,0.4808748240086006,-0.000500934978748037,0.01816817719385307,0.04236532834347807,5.459957700915469e-05,0.0035766368765276584,0.010944066410440973,0.034101359271188694,0.10216669155101125,1.0,8.33374233187342,0.4404711531551831,7.299999952316284,9.5,667.664630692554,480.5049427425279,0.7196800918510697,11,11.268339263673008,7.41393666793004,2.1626082516281606,0
1be8e4c3-7628-4f8a-9b9f-7520972508b7,0,human,False,out_of_bounds,135,1117.2999999523163,0.4616243214632694,0.2000369362100011,0.12345679157700705,1.25556464403866,0.43440377062385244,-0.00022405530987152053,0.019202771028256245,0.057651694170442754,0.0001262326563567149,0.00386578408970698,0.010763672206910048,0.027131467415770737,0.04723145510724979,0.2986847210443541,8.33805970113669,0.2758419361173085,7.299999952316284,9.399999856948853,514.6366939021958,391.8596687591108,0.761429710322175,9,11.716767432829737,7.557963211756384,2.027066320890089,0
1c0e3c79-80d7-4ca4-8a27-aa076ddf5633,1,human,True,,186,1558.2000000476837,0.49410972941469555,0.3021046295151608,0.0,1.5662650242480307,0.43440377062385244,-0.00023423646841675284,0.02123982465075472,0.06180830465538659,3.79282965474384e-05,0.004240029896031452,0.01670871994870042,0.057836862017608986,0.20129635037723137,2.0,8.422702702960452,1.2317086470502203,8.099999904632568,25.09999990463257,762.2340211066037,502.622124463299,0.6594065740251231,15,9.642861707233456,5.499964151806495,6.244276488068316,0
1e20a17d-30c3-492c-87fb-dbfb8a49e164,7,human,True,,152,1270.7999999523163,0.4623017859116539,0.18369843785627313,0.0,1.1842105411756734,0.43970137249968216,-0.0005596853768007294,0.01860792407164524,0.07677516468170952,7.529722982227324e-05,0.0037326393562517853,0.0152890675475952,0.03174447573735194,0.11667739287747726,1.0,8.415894039419314,1.0760544101637637,6.599999904632568,20.90000009536743,583.8776469033306,487.1242141384474,0.8342915964020419,6,12.259581350870326,6.553374807322303,1.807857988095406,0
1ff3d3d8-6c36-41b0-a04c-d4c9be31fc4b,3,human,True,,146,1208.4000000953674,0.5332355581809206,0.25791291704415176,0.0,1.39045782740112,0.5028177562977367,-0.0008139278390112886,0.021273140757502713,0.059209250839811114,0.00011923092377785495,0.004402289363998941,0.011793201267290441,0.02997379151936404,0.11897995945965377,1.0,8.333793104105983,0.3297273036185426,7.299999952316284,9.300000190734863,643.3847819392224,474.17823653137015,0.7370056766063882,6,13.729358439175812,9.084936636143128,1.6406958058862942,0
210a70e8-fefc-41c2-80e6-e4111a78200a,1,human,True,,174,1445.2999999523163,0.48160007072141037,0.19721303969160756,0.0,1.1504854972191683,0.4757591393220907,-0.0005962199965751561,0.01906803653625666,0.071779399048049,9.621142988125217e-05,0.004105317860185712,0.01756615235595385,0.029007797161095934,0.06951854336353076,0.7071067811865475,8.354335259839978,0.5109734899471453,7.299999952316284,12.699999809265137,693.7384131621886,481.87342736448954,0.6946039288325132,14,9.743616893406033,5.4261655099382,2.0330616210110803,0
22ae9ec7-9e85-44d2-a1a4-a9783cfb49b9,1,human,True,,171,1414.9000000953674,0.4758302617061552,0.20599260032923852,0.11904761769603982,1.2129525675867243,0.43440377062385244,-0.00048709850710247274,0.02317061716413223,0.07563752046662699,0.00011252596135948361,0.004859936640159156,0.01998010591202832,0.023134782476346184,0.035096667477653234,0.2222222222222222,8.322941177031574,0.3201151256111676,6.400000095367432,9.400000095367432,672.486636150371,474.5239719972006,0.7056258763945086,5,11.74000318734933,7.435443181324482,3.198553417265133,0
247e9cea-bea4-4694-b90b-10f841094488,9,human,True,,174,1441.6000001430511,0.47641289109942686,0.20767047376259132,0.11904761769603982,1.280740429934072,0.43440377062385244,-0.00030297792034918224,0.017850896067469896,0.08172660142361737,6.795635063524669e-05,0.0034961382056813545,0.014761432716658232,0.025012728660822832,0.03855165619507716,0.2683281572999747,8.332947977705498,0.16060212067906057,7.5,9.399999856948853,686.6173655710357,484.69062297510976,0.7059108133276085,2,8.741511527221094,5.733625820243472,2.7879455060067446,0
24ebbc93-9201-4cab-ac3e-5d97ada010af,4,human,True,,120,991.9000000953674,0.566137210795163,0.22598056123401183,0.1204819249421562,1.3468700823400086,0.5747126405282259,-0.00043106111411085103,0.02598206775745533,0.07079162361997646,7.579196896373655e-05,0.005521188910315085,0.017089132243980214,0.019180371677905886,0.03139037365036724,0.19641855032959651,8.335294118448466,0.2652375315652775,7.400000095367432,9.399999856948853,561.0064867878493,513.4841769714038,0.9152909798092645,3,11.377247225605242,7.0026959629941565,3.575883691847016,0
254f3f7f-9f79-4995-875d-c59f67477cb1,6,human,True,,125,1254.4000000953674,0.48734982148911926,0.34143839061996806,0.0,1.3470289098470232,0.43107740551258755,-0.003237494182256851,0.027288926012777357,0.05577037629036332,0.0004597047677274125,0.005895160273809426,0.03977224373629321,0.05231366876128063,0.160255841446421,1.0,10.116129033027157,2.836012292443014,4.099999904632568,21.600000143051147,572.3782236358053,521.8055193268849,0.9116446045279687,16,9.499102996752734,6.974394538274047,0.866476539941549,0
25cfab38-6cd6-45ae-a72f-4e63c5e6b7d2,1,human,True,,155,1279.0999999046326,0.5483984752140003,0.28998126808468805,0.0,1.549823092176176,0.5388115639388092,-0.0008712099369405182,0.025446695673791944,0.07224421290983431,0.0001275359175978594,0.005107369628592426,0.018756785128304913,0.03833578309664472,0.10594660481983248,1.0,8.305844155224888,0.5891042133462093,7.0,9.400000095367432,698.9951985378774,483.4563061952962,0.6916446739642353,9,11.929967342427572,6.4610489234919575,5.5691052785986965,0
262f44a9-942e-4bf3-bd74-349e40040a94,7,human,True,,174,1445.2000000476837,0.40515113519114004,0.16400749829947,0.11764705882352941,0.8584645796498115,0.3809973106428611,-0.00020502655888545243,0.01386083258963865,0.040741480665467227,2.0109527893286345e-05,0.0029718164285523294,0.007771308945800497,0.031278055035244404,0.060547652650412724,0.5,8.353757225709154,0.30572625935610137,7.8999998569488525,12.200000047683716,586.1922164600956,484.24890294145223,0.8260923453841476,14,13.094717120367138,7.606345606961158,0.5355730125963123,0
27404d69-afd0-4113-887f-5383d82d9c90,6,human,True,,137,1170.7000000476837,0.5114176766898391,0.18073116543911,0.13618677080703645,1.3573516811362185,0.5050762737096717,0.00025534398641226914,0.01842098401072424,0.09095687270581979,-5.50933200594132e-05,0.004028768596066751,0.017845703977886585,0.016409739193270496,0.05017370645637066,0.5692099788303083,8.608088235644733,3.7022857505470217,4.200000047683716,51.39999985694885,583.9079338722804,524.589363216602,0.898411089806063,1,9.728103967965131,6.463410884570416,0.5709810656010186,0
2784b233-1331-4147-85cd-3f1310073b86,4,human,True,,134,1112.0,0.482482980345636,0.18620352633017165,0.11904761769603982,1.0907648607301754,0.4819277136120607,0.00014554593740717585,0.01652718769249597,0.053532596309757825,4.9999413328070785e-05,0.0033930538363985473,0.008046375273966165,0.020144974643508583,0.040770196415915755,0.2683281572999747,8.360902255639099,0.4305678246917048,7.400000095367432,12.599999904632568,536.1089765154322,509.62437147373555,0.9505984674723418,3,12.661712319341605,7.748633506582738,4.453500359947126,0
27c13020-9ec2-40d6-a0e6-cfac2ac99a73,7,human,True,,159,1321.1000001430511,0.4746784750846421,0.28786080240331285,0.0,1.8210784287244899,0.43440377062385244,-2.241421102718822e-05,0.018283688955320322,0.057927795775781936,5.032747157823389e-05,0.003610218675330088,0.013476498083972943,0.04638874823886639,0.20327849769871192,2.4748737341529163,8.361392405968678,0.47848980598788426,7.400000095367432,12.900000095367432,626.2409424337546,492.590093282437,0.7865823837197365,8,11.568751542627764,5.7165772531326535,9.852208637338407,0
28eefac5-58f6-4ac8-afbb-859617591698,7,human,True,,187,1545.5999999046326,0.3797998483744816,0.11949247053626193,0.11904761769603982,0.8222171965439788,0.380997299698664,-0.0002519418802229234,0.013770847533382105,0.039570243653291905,4.068308024351905e-05,0.0028486396340169427,0.01052067136002768,0.022462487124719765,0.03469606082899881,0.25,8.30967741884211,0.29405013878474157,4.5,8.599999904632568,587.5845426071953,491.01527471149,0.8356504283328934,10,13.103588100269246,7.3094428934468985,1.2984063411135007,0
28f0432c-0588-4a95-96c5-e9eb6a8f3625,8,human,True,,178,1473.5,0.48785215926529885,0.20615000417981894,0.11904761769603982,1.3032113118715574,0.4761904842999518,-0.00046482899179770904,0.016512831314267694,0.05948887051024,6.634165820073536e-05,0.0031254529812259338,0.010356031132141005,0.025409122482858554,0.04249737101678316,0.375,8.324858757062147,0.1424289088987269,7.200000047683716,9.200000047683716,718.1861467986271,480.160389869885,0.6685737284271478,7,8.884476055451158,6.60491564517184,3.471023563877042,0
2cfd8eb0-77a7-4b1f-8b95-6a3d8f55e925,7,human,True,,134,1107.3999998569489,0.5320472231621299,0.2774989100791659,0.11764705882352941,1.8072289260452277,0.4908459022389223,-0.00044814520762107273,0.021856071081336855,0.08649122035463215,6.665184714469091e-05,0.004234510538079812,0.016116642736698033,0.0203798772166601,0.03678456553425365,0.25,8.326315788398112,0.14136539264274048,7.5,9.200000047683716,588.7683626030262,486.81207873264606,0.826831245789741,3,11.930431995141268,6.540331691208969,11.047315079425962,0
2d1435d7-bb78-4d09-ae9c-9299412f326e,9,human,True,,164,1366.1999998092651,0.5060508852659868,0.28335264638938723,0.0,1.4531613663273137,0.4967597167837361,7.807867399857633e-05,0.020416996451068717,0.061706918916562756,1.83781654456927e-05,0.004154660442281397,0.010878743430319918,0.05011605071210682,0.1531363064997552,1.0,8.381595090854388,0.6229988138188702,6.599999904632568,13.900000095367432,689.1964142101646,484.8525549071594,0.7035041751672663,7,8.913178011275726,6.605434394849581,4.2114171734352865,0
2f044725-c24d-4012-aa5b-fdb23e9b196f,6,human,True,,112,927.7000000476837,0.6306694176475438,0.20925886864596763,0.26940577423068873,1.1785113220475074,0.5952381053749397,0.00016555104107190586,0.023433038621721303,0.0655193881292797,0.00010023413833017276,0.004859267133882728,0.01083434963860442,0.009451963098527342,0.010441525975140527,0.05533985905294664,8.357657658087241,0.6644850955028642,6.400000095367432,12.099999904632568,582.6487645842436,520.1624746173064,0.8927547885362375,0,8.29005386131465,5.695846611094991,3.8966821966227503,0
2fda12b3-be9e-46f1-8ca8-b8b518c09889,1,human,True,,192,1595.2999999523163,0.40798922558118156,0.14019424616186177,0.0,0.858464604015753,0.42923228982490574,-0.00021559927341839263,0.014413244517962458,0.040449841624247654,5.707092644961388e-05,0.002981700005063785,0.00888476293530428,0.028376910638184722,0.08006236327469507,1.0,8.352356020692756,0.661017921804418,7.199999809265137,13.899999856948853,650.298647403733,480.1135282409776,0.7382969811759469,7,12.515932081198704,8.027544379489242,5.999229948160109,0
2ff3d005-66e4-47e5-8a93-d1685001aaca,2,human,True,,159,1322.3999998569489,0.4729295301072754,0.17113404820309538,0.0,0.9756097504243051,0.4819277136120607,0.000236923110922115,0.01634266516640998,0.050783416385385825,1.0522667800290193e-05,0.0033490057686049205,0.008374186525913468,0.02346981665683474,0.08105908910752016,1.0,8.36962025225917,0.6420604481016161,6.299999952316284,16.09999990463257,626.0669287886437,507.9183005169237,0.8112843486233622,3,9.119698792013352,6.3503061380967205,2.1306434281093116,0
32062f99-a157-4983-a2ba-6f03b44ac5db,6,human,True,,139,1150.0,0.512258225936172,0.1564956536433737,0.11904761769603982,0.9935194335674722,0.5111615168220437,-0.00023088754146036283,0.015024713398850422,0.061133239859453146,9.279103086466617e-05,0.003001689152153823,0.0118494128396504,0.024193747750329554,0.12036138039395729,1.414213562373095,8.333333333333334,0.3489805731596222,6.099999904632568,10.599999904632568,588.8232229107459,528.3881149306824,0.8973629000545987,3,9.24152193600988,6.672029446974781,1.0608891977417856,0
3348c92f-9ac5-4b89-9b33-382641dc4e0c,0,human,True,,125,1325.0999999046326,0.5287838170814166,0.2787052152138429,0.0,1.509634235918872,0.48157164108366046,-0.0020253786488531747,0.02049549339747347,0.051177898080881884,0.00014141430018141916,0.0036011078591682323,0.011278932692845096,0.021406423294974823,0.07431172504478537,0.7071067811865475,10.686290321811553,7.91070460656416,7.299999952316284,92.89999985694885,622.5860867337395,517.7460767596409,0.8316056008830545,5,13.547575068672282,8.609564647828288,2.881010001507247,0
3354fc63-2f7a-4869-a003-1caf974e0bd4,0,human,True,,157,1303.5,0.49649305079066114,0.31061324646151295,0.0,1.837864103100675,0.4337962407730772,-0.0004905376939174757,0.020601613766633522,0.1055578316642433,9.514526540172802e-05,0.004104927110946542,0.019706393265249252,0.03537013413778924,0.10801475880617932,1.0,8.35576923076923,0.4917577750759691,7.299999952316284,11.399999856948853,645.1852545563518,504.0991965873383,0.781324732745127,13,11.40264944505342,6.856128640412638,6.215786027296179,0
3627ac4f-babc-487b-beba-02bfa2cbff2b,4,human,True,,129,1066.7000000476837,0.5174391371210234,0.22382330112199406,0.11904761769603982,1.204819284030152,0.4967597167837361,-0.0004330664555834185,0.022022702895934727,0.060517464843334014,7.547025034448353e-05,0.004529823910832506,0.01141370861055715,0.018918412116240017,0.034239376042278516,0.25,8.333593750372529,0.2867591891321565,7.299999952316284,9.400000095367432,551.1726091919675,513.047756061753,0.9308295577566773,3,13.009319480112087,6.935781859581655,2.677430242988974,0
38daa710-cafd-4da8-a60a-7335c4874199,1,human,True,,164,1375.0,0.5169513905608182,0.27937496615354473,0.0,1.3278072289725522,0.517395202737556,-0.0006014860290694826,0.020231079426780697,0.054896127778829365,0.00015284978000715873,0.0038852880338297816,0.013662922455862321,0.04943174216626414,0.1956299431992293,2.0,8.43558282208589,1.607943512880534,6.299999952316284,28.0,700.0223772867644,483.82641515320347,0.6911584984304063,6,10.216131445273763,5.7334499350011905,3.5074145051287076,0
3901cd97-87b4-4728-91d1-4a3e9b952dcf,0,human,True,,149,1241.4000000953674,0.5133666886185756,0.28169012003192034,0.10638297764409879,2.2256488961652243,0.47824966072547903,-0.0005211969001619186,0.021972840691183448,0.10720954165633678,7.829992959078082e-05,0.004227491393812341,0.013814477741462591,0.024349121151546742,0.046748152497465986,0.35355339059327373,8.387837838482213,0.8919236322053906,7.299999952316284,16.09999990463257,633.0140151426247,511.02446125405777,0.8072877519764213,4,12.727784443125206,7.682159334568651,14.22444253009102,0
3c4556ad-cce8-486c-bf5b-5de41943286e,0,human,True,,146,1207.2000000476837,0.5390987601765354,0.3680308355460867,0.0,2.314382267789987,0.43440375814554794,-0.0006167152084099439,0.033060885243499594,0.14501129841287264,0.00012955889281580357,0.007094327633264263,0.03350034310225323,0.03448562465253485,0.12192094448140439,1.0,8.325517241708164,0.4028826138887294,7.299999952316284,9.400000095367432,649.7109980833666,507.235645435137,0.7807096492617043,9,12.140726277257532,7.385430663702902,13.873343058244085,0
3d5cc3ac-2e75-487f-b9ed-c94cebcc413c,1,human,True,,168,1391.7000000476837,0.47725901998175985,0.13596381612107641,0.1683587555139468,0.9066396708999707,0.44816365263560354,-0.00041819622128848387,0.015906137541489087,0.03946711046490814,7.101204179978183e-05,0.0033365196776199914,0.010348660851948566,0.01728191280291273,0.024124766248921396,0.192,8.333532934417267,0.19777529488006587,7.5,9.299999952316284,663.2853569856235,486.90245429654595,0.7340768934042659,0,12.427583214841656,7.2768692019762335,1.7107123962976725,0
3d829085-68f4-4700-83b7-f55ca8b2414a,5,human,True,,189,1570.0999999046326,0.42960148203825577,0.24622063077734938,0.0,1.620918569200618,0.38564362045753187,-0.00040345384218172216,0.018128595858771294,0.07138103645970384,0.00010726791354224188,0.003672218770866922,0.012744086041524454,0.03504161295564874,0.09867992220450608,1.0,8.351595744173578,0.5844142492754845,7.199999809265137,11.799999952316284,671.5389535891343,473.6211566220411,0.7052772651395817,18,11.89236264978894,6.2634433018392,5.691365410333069,0
3e29c082-ff1d-4720-b9c1-c56190581531,2,human,True,,151,1249.7000000476837,0.47993552296236697,0.2600285020204134,0.0,1.1866093805274758,0.4662946872093683,-0.0004015810857624122,0.018965100197261536,0.058226098504020996,8.616889560030725e-05,0.0035873654276416937,0.01228562503196286,0.03114308553016591,0.09993580803175749,1.0,8.331333333651225,0.21699052142761147,7.0,9.599999904632568,599.1342250905544,514.1458936916641,0.8581480946343117,5,12.982029100417524,8.216396479178318,5.835679694606925,0
3fbec583-1564-4cc0-b115-66a01b34325e,9,human,True,,188,1608.0,0.45469122239522325,0.22261965205010786,0.0,1.2000352243320014,0.43440377062385244,-4.3401422804051495e-05,0.016163915379737895,0.044417150893121524,1.5210177718813446e-05,0.0032659894633635046,0.00937596647077816,0.037084756244110596,0.10008919056945448,1.0,8.598930481283423,3.6891514651292683,7.400000095367432,58.80000019073486,712.9222323249015,495.025251881154,0.6943608004295694,17,7.6185974677844746,4.4724550175253235,2.032111115760674,0
450cbb0f-b4b3-4c6d-9027-2b9564966021,9,human,True,,164,1424.1000001430511,0.532039291335834,0.3097564721188408,0.0,1.6721309171872765,0.496759702514249,-0.0010738158847025405,0.025321658391337067,0.08169825940271984,0.00011645635532176264,0.0049689281779364165,0.018061754060115703,0.04164836721450318,0.14065473938544454,1.0,8.736809816828535,3.8052910700690044,7.299999952316284,49.700000047683716,719.0890291081209,475.19364473864755,0.6608272766002641,12,11.45379475377557,6.885620869580042,5.5474479085373,0
456a4fce-a24d-45fd-a036-c762cac4f435,0,human,True,,158,1308.2000000476837,0.5202482599957875,0.32778137486430375,0.11904761769603982,2.023809500832677,0.43440377062385244,-0.0004591435374521656,0.022993859846853013,0.11295713673635768,4.681720705775208e-05,0.004397080444529476,0.013076920302314343,0.021914703641912052,0.030652200151812838,0.17888543819998318,8.332484076736838,0.21891934352358694,7.5,9.200000047683716,680.0759214505413,514.94465722056,0.7571870154176742,5,13.531380181281706,9.55619295290634,11.490940317402991,0
464c121a-7873-4e26-8803-b807f339c9ae,9,human,True,,148,1244.6000001430511,0.5775052140457673,0.46465746294928506,0.0,2.514088781488684,0.43970137249968216,-0.00038419488174585496,0.028720213215505396,0.07882647970802273,5.9778662331726325e-05,0.005712791370622378,0.02219415055512808,0.056357190155588884,0.16400956294019653,1.0,8.466666667639803,2.076867519971309,4.199999809265137,33.0,704.3696380787954,484.5719760778578,0.6879512544003925,13,10.322042049014874,6.245423486046271,11.140430259632327,0
46671d6e-861e-4329-ad52-e54448230b1c,5,human,True,,161,1332.6000001430511,0.5265907601813923,0.30244423184220975,0.0,1.5429215118599913,0.4677856207486838,-0.0008978270699202723,0.02333451067897005,0.06272270677740928,0.0001469710599554463,0.004749503946724952,0.019458720925760852,0.056342515758840014,0.2541562215659397,2.4748737341529163,8.32875000089407,0.526353883566674,7.299999952316284,9.400000095367432,698.3266656551648,486.7124407697013,0.6969695770002874,9,10.982816009897896,4.905246621353862,4.834167678098952,0
4691aec4-5c9e-4c3f-ba07-6e32bdd4d08b,5,human,True,,164,1362.7000000476837,0.5018281211409121,0.21750116767936692,0.0,1.4102048166221002,0.48507125007266594,3.0767537498970854e-05,0.020350788466268335,0.09462920560250049,3.134505896114492e-05,0.004231043659297721,0.012346652965226152,0.03211761419637516,0.16616676417663884,2.0,8.36012269967904,0.4246311810821566,7.400000095367432,12.799999952316284,684.047968140841,485.5975700103945,0.7098881842017447,4,9.969958072075377,5.824048931316776,6.613988699197226,0
47ba513d-e3df-444f-9df0-2579bf4cac8f,8,human,False,out_of_bounds,13,117.79999995231628,0.5721120217634562,0.22338291959496642,0.17901437282290558,0.8753762142669791,0.5691331695274432,0.002499878748424845,0.019317400605230687,0.032327771483282315,-0.0002030318954398141,0.0028937140064318762,0.0036288072968718955,0.022570189868142226,0.04510874273118872,0.17677669529663687,9.816666662693024,2.2652569377281524,7.8999998569488525,15.0,64.67518645827677,64.41273166075166,0.9959419553015989,0,17.11034407168484,12.554146438993133,0.0,0
49f6263c-9084-434f-a06e-d68aff9412c8,8,human,True,,173,1433.6000001430511,0.5217051012799395,0.29869959878469654,0.1111111111111111,2.121646802491198,0.47619047078415927,-0.0004050335188778321,0.029810631695003788,0.1626730185925369,8.646026164680646e-05,0.006295597112909675,0.03556999194698154,0.03817520823010098,0.1194590162696343,1.25,8.334883721761924,0.17703466133154802,7.5,9.300000190734863,746.6319334973207,493.7053777304841,0.6612433189374906,16,6.784338897416607,6.893514406103006,6.457086930119936,0
4a8aea2c-03ce-421d-a70d-282ae3b6dbc1,5,human,True,,135,1117.3000001907349,0.62537957173423,0.38542959824693557,0.0,2.2150332395621897,0.5356043399584407,-7.734703816486157e-05,0.03194395386471713,0.09030865968445262,0.00010036611443589485,0.006451513317343728,0.02253376812597066,0.027676369270809742,0.09288063553974152,1.0,8.338059702915931,0.28619866056101095,7.299999952316284,9.300000190734863,697.633764608471,495.29082365818164,0.7099582170254487,4,11.895546373520066,7.48450987333819,9.967541503347494,0
4b88be4d-1a3e-4ca5-862f-98c59ad89b8f,2,human,True,,169,1402.0999999046326,0.4342166669255417,0.14427905102279975,0.11904762107498795,0.8398117974141937,0.40540540018074706,-0.0002888670229220566,0.016422510757800136,0.04368994661206666,2.5437718891548894e-05,0.0034354839344379563,0.009084931560451856,0.022704720769600537,0.04829897637075199,0.5692099788303083,8.34583333276567,0.4134428741510409,7.299999952316284,10.400000095367432,609.3546180607912,499.8569795451495,0.8203055572728624,1,11.44528869297492,7.880436657058073,3.6374291451203122,0
4bb1455f-2496-4ae4-b956-f157b2b0dcb2,7,human,True,,154,1275.0,0.4899316214387063,0.297740336452014,0.0,1.683587555139468,0.43440375814554794,-0.0005722492509707667,0.02115104523007874,0.08783732110818862,6.0830732169745194e-05,0.004158454274162007,0.014009987619701422,0.027863588619344445,0.047082448589684904,0.2683281572999747,8.333333333333334,0.3201306907083739,7.299999952316284,9.400000095367432,623.7996588662452,494.6048928185001,0.7928906112540101,6,11.554031573285044,7.3732309763896415,11.694500633746971,0
4c68391f-d36c-4f85-95f7-6b3c8e64a220,6,human,True,,127,1049.6000001430511,0.6023295720970567,0.19772606936491263,0.12820512898888423,1.1293848658093577,0.602409642015076,-0.0001712488084029148,0.019782421423715103,0.05178703448147696,8.546906017364538e-05,0.003918962160805142,0.010606158527108576,0.019258033056993005,0.07932814746197715,0.8944271909999159,8.330158731294057,0.10636103453472541,7.799999952316284,8.799999952316284,632.4734654577242,544.592508211415,0.8610519459773552,2,8.39479653318926,4.931584330115295,2.4441570259975895,0
4d69290f-1309-416b-837c-390c0f9b0ec8,1,human,True,,170,1412.2000000476837,0.48739378586097376,0.29042537417327907,0.0,1.7332524781590215,0.42923228982490574,-0.0003371386388761074,0.022462410864395287,0.08691088882265127,4.2452350360572226e-05,0.004664160491259066,0.0156353543036983,0.04672616392717066,0.14496505963077697,1.0,8.356213018033632,0.5864141096317405,7.299999952316284,13.299999952316284,686.2820778804892,486.98767951561155,0.7096027933872648,8,12.276193759012827,6.919142123586349,7.6693266104560935,0
509a7e3e-98f8-4af6-acac-5e3df1614b5e,8,human,True,,156,1295.8999998569489,0.5332522117561358,0.23442794835157055,0.0,1.3573516811362185,0.5050762665418403,1.3900181375842197e-05,0.02012837754486427,0.07171543273449477,4.403875468859038e-05,0.004141891221606267,0.013872891744880309,0.05475512198284949,0.28993227853714126,2.82842712474619,8.360645160367412,0.5886558532167929,7.200000047683716,13.799999952316284,690.0357099432474,490.4416377103396,0.7107481984529125,4,10.379490749589541,6.790125817480318,8.128126485087481,0
50bf21d4-201f-465e-bbfd-413674defc3f,3,human,True,,171,1416.5999999046326,0.44709338728993087,0.1973954557158073,0.12048192840301518,1.1243346833756624,0.38564361485115356,-0.0004485347748715766,0.01610439457659106,0.03721369986439789,9.589734433433701e-05,0.00328866602815576,0.010782250538250965,0.02053102484035986,0.029390367215700017,0.17888543819998318,8.332941175909603,0.4478414070408753,7.299999952316284,9.400000095367432,632.3003994056874,479.0845436872286,0.7576850246141397,9,9.691510222346947,6.400363843986796,2.2372130201390705,0
523e0926-c409-4ac5-9f85-0c07f9671f9d,9,human,True,,170,1416.7000000476837,0.5128192964115057,0.2591412314620255,0.0,1.312532868636575,0.5050762665418403,-0.0010640884688787814,0.02264731899227774,0.05248936671066664,0.00014114837477935928,0.004606206105592071,0.015001806190148797,0.05465475103451164,0.1993845213533325,2.0,8.382840236968542,0.8798205646453103,7.200000047683716,17.09999990463257,717.7734979298041,493.3041658044254,0.6872699636127676,12,8.134663983329999,6.157965590728826,4.736418824856429,0
57f12bc2-80dd-4dfc-8303-f739c55a70ec,6,human,True,,133,1104.1999998092651,0.5349006490391216,0.15224381093839223,0.16070608750410892,0.9597925781863805,0.5328652323944185,0.00020618306003007282,0.013832130686677125,0.03378734147344942,6.337289592511719e-05,0.0028620669142141912,0.0075305741448624805,0.019700336748541544,0.05821984549732014,0.6008327554319921,8.365151513706554,0.5643425773484166,7.299999952316284,12.599999904632568,589.2503541018623,525.1637839760087,0.8912405063828353,3,10.106103248157941,6.916622342745655,4.161400817627229,0
5915d153-d165-49cb-b800-374ee191f1fd,9,human,True,,176,1482.0999999046326,0.4698528909623849,0.27260590595066253,0.0,1.4706693597422509,0.42923228982490574,0.00011726438270306243,0.020401440094619284,0.08182736204957128,6.325490590604646e-06,0.004072476705640366,0.01378153612924002,0.04813494276293593,0.16254772497961759,1.414213562373095,8.4691428565979,1.3899915043588227,7.400000095367432,24.799999952316284,686.9957157491156,484.8525549071594,0.7057577562597538,19,9.043723184357013,5.476571398657839,9.681167015002243,0
594e5177-cb17-42b1-9c54-c6952221d7ab,9,human,False,out_of_bounds,155,1301.7000000476837,0.5135003298973607,0.3455537867727157,0.0,1.7910926304487298,0.4967597167837361,-0.00010211013383837265,0.022853915385411445,0.08313817818437108,1.2284043656915674e-05,0.004418270674179444,0.014550336774147644,0.05423629801128588,0.16174291049978168,1.0,8.452597402907037,1.0784306889034898,6.3999998569488525,20.0,660.2443702758103,463.67445476325304,0.7022770289878546,16,10.492993734910057,7.136578798880353,4.102619572132966,0
5ab1ec39-f180-4aa7-8e5b-059048c1e1d8,2,human,True,,157,1332.1000001430511,0.4906891057395778,0.2936060790221114,0.0,1.296359237917003,0.43440377062385244,-0.0005357126751355395,0.019365226661428554,0.0705336863514451,6.231581640498846e-05,0.003751087995545139,0.012498027412273092,0.05205873097972231,0.17900641203811676,1.0606601717798212,8.539102565019558,1.4918399231266704,7.400000095367432,22.299999952316284,637.3603310365347,497.20016090101984,0.7800927304220936,15,11.903915893657038,6.2491474174578,6.23166613000542,0
5c192d36-6a57-4a70-b721-b33278125d30,6,human,True,,141,1187.8999998569489,0.5152770888707803,0.15866108904097928,0.10752687951514789,1.114352893330376,0.5050762737096717,-0.00019578470970354597,0.021659333994670255,0.07619580470223551,6.81069311367006e-05,0.004635753559423315,0.013492457465471147,0.017661926828019297,0.051286874354381624,0.5692099788303083,8.484999998978205,1.8068095280705856,7.199999809265137,28.699999809265137,603.3194166605824,525.3427452625572,0.8707539170053039,1,9.07240473924816,7.40155238884975,2.456415518154727,0
5c2e8198-210f-43ec-91ea-8b7125bec09a,4,human,True,,121,999.3000001907349,0.5742879411419175,0.22796546588485522,0.11627906783327278,1.4531613663273137,0.591736691298923,-0.0006631679617428845,0.027936216650717344,0.10285430090337168,9.170233589985493e-05,0.005973068536574841,0.01863220690140871,0.016856535062468415,0.03308755321918895,0.25,8.327500001589458,0.20451672497828324,7.5,9.200000047683716,573.717474305985,514.9388313188276,0.8975477554378821,2,12.036976305264442,6.916191917295899,0.9275042339462668,0
5cc36eaf-d98a-4b50-a64b-e356b4feb0fb,7,human,True,,163,1354.3999998569489,0.434458506437342,0.24305529771845433,0.0,1.5476190300485175,0.38666864621682884,-0.0002769856668095603,0.018666955741183332,0.046099562769553064,9.606049167795886e-05,0.0038432603992880777,0.011127101479342896,0.02943215048743363,0.08456865500156982,1.0,8.360493826277462,0.5687714660785851,7.299999952316284,13.0,586.7888343678089,480.5767368485495,0.8189943446458221,8,11.240277659571191,6.7156545152896525,7.991577673040538,0
5d30b3e4-4d15-4dcf-9358-a1bb3dff5ca7,2,human,True,,109,1076.5,0.572831235795075,0.2599836200586479,0.1885618083164127,1.5461646096066226,0.5327908854298783,-0.00249097832895669,0.021385078171833743,0.049514361500619705,9.67027344458189e-05,0.0035137634485307074,0.011527785206751356,0.011085681916530761,0.011651147962701527,0.06708203932499368,9.967592592592593,2.4489161801173838,7.099999904632568,15.700000047683716,587.2664599612702,509.39964664298697,0.8674080359988232,0,16.137844176478346,8.079101750558142,2.1633190046302024,0
5dbed78f-a648-409a-ad87-b86feaa98d48,0,human,True,,199,1650.0,0.41282610143115145,0.1821199236066947,0.0,0.9297916439183828,0.39918954769490356,-0.0004409601362335456,0.01593100762158105,0.03944361491374999,7.58792108206134e-05,0.00308362654090149,0.015391312098198719,0.04382238834491958,0.11428830592810948,1.0,8.333333333333334,0.5183501479807702,5.599999904632568,10.200000047683716,679.263129269251,513.4715181974556,0.7559243186802241,14,10.365273171736604,6.595832650753572,3.0751485382634733,0
5e0ff912-e5eb-459d-8cd1-769beaf544c6,4,human,True,,128,1057.3999998569489,0.5186717047988108,0.2324113243351479,0.0,1.1366242393078398,0.5050762665418403,-0.000741832005829802,0.02181070515405896,0.05178703448147696,0.00016493259030535878,0.004367571906156546,0.018528326257352196,0.07291207390679014,0.26165122520451634,2.0,8.325984250842117,0.1908178061245467,7.3999998569488525,9.200000047683716,547.7234795028934,501.8724937670922,0.9162880770102918,7,12.118866706616211,6.745583891798397,1.0799669680314685,0
5e82f820-a9a2-4cfb-8030-e408f99262bb,9,human,True,,182,1516.3999998569489,0.44818852268191456,0.19161097220623072,0.0,1.049064050856019,0.43440377062385244,-0.00038754156099433197,0.01699662422981263,0.054902582514635194,5.096121263275854e-05,0.0034262809412874324,0.0090448745280393,0.032801265890376616,0.08638488983102983,1.0,8.37790055169585,0.7492596867739638,7.0,16.0,677.0009653213241,495.15351154970114,0.7313926226304376,10,8.588083499929938,5.896878062652828,2.059108833234974,0
645c8ab3-049e-41c8-b59b-6d09e52c63ae,3,human,True,,178,1475.0,0.4363293285470079,0.1262899603415901,0.1663780661615406,0.9523809415683185,0.42923228982490574,-0.00011471726444670544,0.016365786168254383,0.03387454415998065,0.00010083281539222848,0.00316820572172971,0.011687630609800036,0.015802119250489802,0.017007005864003433,0.09986761030907829,8.333333333333334,0.21982702816068503,7.3999998569488525,9.400000095367432,643.1389043541141,484.0010330567488,0.7525606517970128,3,10.551914252305366,7.136776499360003,2.734646611995299,0
65d26251-5fc1-4ff2-8812-381d32665d4b,9,human,True,,160,1500.0,0.5081209990784203,0.3163179914610559,0.0,1.453161407572632,0.496759702514249,0.00011764431365212412,0.021449669331065138,0.07443538859074028,-1.67476545762365e-05,0.004320822273465768,0.013969290372172977,0.061027003990371274,0.17196538167152756,1.0,9.433962264150944,13.723518021281988,7.5,181.89999985694885,679.1835280923367,485.7200839990045,0.7151529209833393,12,12.701441314162821,5.457636961400098,5.273200276575714,0
67d54955-6ce6-4c89-8f9f-30407a74fcf1,6,human,False,out_of_bounds,144,1199.4000000953674,0.43144455453503977,0.23697271986314006,0.0,1.1392405269581853,0.4545454570084564,-0.00012757285477186487,0.02162648428262218,0.07065099707796671,5.32993618192013e-05,0.004583261716321295,0.013097849605427231,0.04700708920617527,0.1479728083221256,1.0,8.387412588079492,0.6334351893073332,7.1000001430511475,12.199999809265137,517.8736385010416,443.180550114736,0.8557696649659541,14,12.056633032770728,9.352784994182858,1.920393434012857,0
68815ae1-4aec-4d87-a910-c23fd36b076e,3,human,True,,156,1294.5,0.5016398755485808,0.17395198548386007,0.11904761769603982,1.0647942931332386,0.5323971314555038,8.131996528136852e-05,0.015593690113185411,0.04364698509303154,3.9434436264333526e-05,0.0031992050891667453,0.008088861257670632,0.01686520782306269,0.027812588873882563,0.17888543819998318,8.351612903225806,0.23122531971486016,7.699999809265137,10.800000190734863,649.7145279526866,478.1045910676868,0.7358687092533404,6,9.495559382730818,7.5722377325205175,1.6862140338531855,0
68883650-594d-4260-9fbf-f8392803a343,3,human,True,,165,1370.2999999523163,0.46425529683307126,0.18264307109248915,0.0,0.8519358613700729,0.4967597167837361,-0.00016383125163130287,0.016519960186989924,0.05032185316199944,3.892366828516583e-05,0.00343328022979783,0.011366384478489026,0.04005365484752501,0.17553293859506258,2.0,8.355487804587295,0.4387139119430057,7.3999998569488525,12.200000047683716,635.4497140512556,480.01666637732484,0.7553967776883861,6,11.164804334607908,5.974827971826322,5.152569977157901,0
6899327f-d7dc-4cf8-8781-0a16b8d3709d,3,human,True,,137,1133.3999998569489,0.5797797386420925,0.22086847494746328,0.2409638498843124,1.6406858498585015,0.5388115484613775,-0.00047180269328269585,0.0214337268542758,0.05719829381588026,0.00010565315903736178,0.004206391008367228,0.012282592932453693,0.012944840744357393,0.016054767566318174,0.09805806756909202,8.333823528359918,0.41395164174890775,7.3999998569488525,9.400000095367432,655.5950137750197,484.0165286433925,0.738285860132384,0,9.913287712622838,5.236721865447717,4.973101491192804,0
6965f3bd-131e-4fe2-9022-68b63a4797df,6,human,False,out_of_bounds,140,1158.3999998569489,0.45029604926549177,0.1601142041791053,0.0,0.9878222414405258,0.43440377062385244,-0.0008302529170099894,0.018708210108032326,0.04778251652639495,0.00019174911269246382,0.0038485125785933214,0.014671291142163919,0.038381261876192986,0.20971246199454882,2.4748737341529163,8.333812948611143,0.6852562390963405,7.299999952316284,9.400000095367432,517.8895626556991,454.6735092349234,0.8779352626907395,10,10.437692944347717,8.873126518454791,2.28703153181812,0
6f18b297-dd1b-4d61-a4c0-c1f2840dfa09,5,human,False,out_of_bounds,20,157.79999995231628,0.7190164564902178,0.3953383633889569,0.13333333333333333,1.4557886798809623,0.6780176697100122,0.0019079215200349827,0.029454919948010784,0.05301314925495708,0.0006562999000300124,0.005172125281585714,0.009258016577206924,0.04275662922277677,0.15449359164044607,0.7155417527999327,8.305263155385068,0.43100085759780726,7.5,9.099999904632568,113.43513255404054,111.80339887498948,0.9856152706634015,1,13.754132499546923,9.357711930704008,0.0,0
6f3837bc-aacc-4534-b8f5-2489ec224b29,4,human,False,out_of_bounds,39,316.60000014305115,0.6237395370009388,0.5333921359167516,0.11904761769603982,1.9760504927656635,0.4581657421179566,0.00022439384944947848,0.030170305125224884,0.06608768897269529,0.00021496682570029587,0.00465914476420262,0.009648474360820659,0.03810881950499191,0.08894971515227852,0.4472135954999579,8.331578951132926,0.3070275597886708,7.400000095367432,9.299999952316284,197.4176634989613,183.35757415498276,0.928779983033015,6,12.139346819971491,8.518132657640969,2.1602928739767395,0
717b105f-b399-453e-819e-0ce745d32fe6,9,human,True,,182,1519.7000000476837,0.47774601165294406,0.22147376972214303,0.0,1.1517511068997928,0.5050762665418403,-0.0008958799150258077,0.020878721011574123,0.0507206044176046,0.00011304766369734902,0.004053320814952371,0.021475240663985373,0.05048449360880609,0.18631168380473692,2.0,8.39613259694853,0.9937019742252468,6.199999809265137,21.0,718.6140348351687,505.7430177471559,0.7037755919464614,14,8.44205394613991,6.433336362877438,3.5938270161540085,0
74fb3881-fdab-4f47-ab2b-478c1088e5d1,1,human,True,,164,1375.0,0.5112228153330101,0.31188917678825845,0.0,1.8819878845245162,0.43970137249968216,-0.00039202177158071766,0.02337537607233542,0.0877811114413071,6.72201620291908e-05,0.004526111810469775,0.02177208524657777,0.049924620299295536,0.19510514266571538,2.1213203435596424,8.43558282208589,1.4911057870739035,6.0,27.100000143051147,693.2632276940976,477.62432936357,0.6889509067893641,13,14.669734601647756,6.855484322888239,7.1412874185557955,0
779ebb7a-1325-400d-b57b-68feebd83a0c,2,human,True,,134,1108.2999999523163,0.5511326495780864,0.28870463110187466,0.0,1.5058464877458102,0.5111615168220437,-0.0007246526240140325,0.021932731536951296,0.06899800574624672,0.00010058338718925605,0.004265395570695095,0.017362513340969464,0.029950121319960783,0.11016942634647967,1.0,8.333082706408392,0.3597663784009767,7.400000095367432,9.300000190734863,609.3070642153183,513.7207412592954,0.8431229037544125,6,12.732163586593366,7.878866232144016,3.1463449103800523,0
77be37f1-c58d-4df7-bf13-85068ab21a6d,0,human,True,,169,1408.0,0.463475590947038,0.19051050981095105,0.0,1.0364247369232782,0.43970137249968216,-0.0003984160000188697,0.018213605443694384,0.0525222194564488,6.439871827796342e-05,0.0039046792696948605,0.010631273799118178,0.039202680080341806,0.12601252668486912,1.0,8.380952380952381,0.8441643004748687,6.300000190734863,17.5,649.4324628525807,510.15781871887447,0.7855440679359431,7,12.936424304016333,6.844171511178762,1.0141373914964493,0
790d4bf8-ad0b-4cfa-8f8f-55b007e22f96,6,human,True,,141,1170.2999999523163,0.5151720243895352,0.17741211281866928,0.0,1.204819284030152,0.517395202737556,0.0001599520436283812,0.016798573430376326,0.04129281135264426,3.4566433144616305e-05,0.0034513552891593208,0.01016383298559843,0.06307612424510908,0.5043237780189121,6.0,8.359285713945116,0.4744766200434683,7.099999904632568,12.700000047683716,603.0193227997456,522.7705041411575,0.8669216464142433,7,7.840626527371992,5.2413091970525105,2.0603179826427787,0
799d0ca0-18a0-4ee3-9922-1051ccca8874,8,human,True,,180,1503.9000000953674,0.47106699373592664,0.19389640563233526,0.0,1.3630974173472663,0.4744146474615389,-0.0006201947059337414,0.019420555482911928,0.0914118244105825,7.555488540584664e-05,0.00394608813153236,0.015119931368569855,0.046990344579254745,0.1864041371663333,2.0,8.401675978186411,0.9306977585620758,7.3999998569488525,18.200000047683716,700.542268297309,481.602533215929,0.6874710563667769,12,10.177141364625333,6.140119400248913,0.7277249024833257,0
79f5dcae-f957-427f-b080-08e23d8b0c0a,3,human,True,,148,1227.8999998569489,0.5268423082401282,0.47994124405544936,0.0,5.628856758461958,0.5050762665418403,0.0011006081202250475,0.03796374276390613,0.3453286364986816,0.000468019145885858,0.006197317050435471,0.04273013839031999,0.018536963736996002,0.0327810901321447,0.25,8.35306122351666,0.8789531528644735,4.799999952316284,16.299999952316284,622.2321585694472,489.004089962446,0.7858868803674479,3,14.36441582470907,7.434701753272965,40.56242507138836,0
7b5d16ac-eb88-45c6-ad01-10bb7fb0fe43,4,human,True,,100,829.2000000476837,0.6711965176111713,0.23293049742850985,0.2661985657277519,1.4507944942259285,0.6143397039622632,0.00011850233493175774,0.027145498843794698,0.0694583385700393,-1.3004625400125646e-05,0.005561733569926222,0.012857936744730155,0.01271811113449919,0.021961629255207067,0.16141043307530242,8.375757576239229,0.4830649067442163,7.299999952316284,12.700000047683716,555.7991305520303,506.2114182829147,0.9107812345444583,1,11.678613621501245,6.679218448997095,4.137393308227272,0
7f2c7306-1fa9-4904-963e-a27fc0c2fc5b,9,human,True,,203,1733.8999998569489,0.392404044080846,0.28971421104310313,0.0,2.0728494738465564,0.35103649913774226,-0.00036857362362160994,0.01945929592762077,0.08321849298503287,3.9439724407979335e-05,0.00389115163880566,0.013688280055055568,0.07815959374655654,0.2461933830194016,2.4748737341529163,8.58366336562846,1.7567635819357048,7.299999952316284,24.5,660.493714144232,472.8689036086006,0.7159324812368165,36,10.925583113584258,6.140661515386207,11.674701163363709,0
7f888e78-6a2d-4976-97d2-8e53fa06cf6e,4,human,True,,143,1199.2999999523163,0.4840540298300668,0.23830645680462742,0.0,1.509634235918872,0.4292323020078765,0.00010375488296146301,0.016430985633884423,0.0713338806320521,5.753205073698265e-05,0.0030967147377653683,0.012499892091624694,0.03843774342111415,0.22265575123295633,2.4748737341529163,8.445774647551524,1.6185380003534597,6.099999904632568,27.200000047683716,572.0187260582316,518.7677707799512,0.9069069720055644,3,11.692773655000606,6.494496588577562,6.865635955802681,0
8013f8d5-c50c-40b5-ab3d-684383d84a6b,1,human,True,,187,1550.0,0.4199198698508695,0.16004962204648548,0.10638298034236249,0.9409939422622581,0.42923228982490574,-0.00025647544895615094,0.0158668648407385,0.04431664023926083,3.838045127088818e-05,0.0031974877931207346,0.009910523876755228,0.037983877368336395,0.1819944920355536,2.4748737341529163,8.333333333333334,0.21494353122217605,7.299999952316284,9.399999856948853,650.7822363391317,475.635364538845,0.7308671595193708,4,13.214903885451806,7.309325473953196,2.3147389511702534,0
8016f555-d977-47bf-a8d3-822a4bd42b3e,0,human,True,,153,1299.9000000953674,0.5113054630895718,0.18165970113200008,0.0,1.1858541225631423,0.4967597167837361,-6.190565798740745e-06,0.01878728080270109,0.08052369178093247,-2.245833943565193e-05,0.0039424470105310985,0.012250588225135096,0.017785663491543185,0.05442077435463983,0.6640783086353597,8.551973684837943,2.7901370142088497,7.299999952316284,42.700000047683716,651.8201330540755,506.92109839697935,0.777700891228723,1,12.656844443808478,8.026369679062574,1.6854427937119012,0
8376acec-b40c-476f-b7bd-40bef3e19093,6,human,True,,112,929.2999999523163,0.6487068074383426,0.2911740497906809,0.0,1.6074293683775318,0.602409642015076,0.0007893282376114232,0.021911040039003987,0.07178577725659224,8.619097228233604e-05,0.004516646333019696,0.012135019668619447,0.02831127268531631,0.11041599152682748,1.073312629199899,8.372072071642489,0.4832642723668322,7.400000095367432,12.799999952316284,601.4134155088631,528.5385511010526,0.8788273381860792,5,8.744232139493452,5.671762744349129,6.519174246931943,0
8423e865-268b-4f33-8e7c-e61285847fed,5,human,True,,133,1100.5999999046326,0.6745155580582475,0.3719645117756506,0.0,1.7990722355583852,0.6409275052948848,-0.000449832108610956,0.024528016588595183,0.06936038903450684,0.00012273283626802717,0.004741943345474324,0.014209277279564142,0.05328656385309183,0.16976466176325516,1.0606601717798212,8.337878787156308,0.23469202441827866,7.5,9.299999952316284,740.9354171785471,493.0496932358847,0.6654421988807048,10,13.408957027393985,8.099931840416417,5.745473981979632,0
872cdb56-4688-4a31-af32-6f27ffa1d7ba,6,human,True,,151,1249.0,0.48898895751008087,0.20148781107179708,0.11235954935781554,1.122613608864617,0.4869533168561315,-0.00021998607429187862,0.020876343557506807,0.10161126216619723,7.369276467195195e-05,0.004267192714298818,0.013473873244105816,0.028117804994635866,0.12306329235047098,1.5,8.326666666666666,0.5457309034494381,7.200000047683716,9.5,609.468856190749,529.827330363393,0.8693263404382552,8,8.541459780961144,4.594701593267584,4.039453406077566,0
88b0d56b-7911-460d-a8bf-1d7d3c4edda8,7,human,True,,132,1443.1999998092651,0.45653621273053335,0.1954772618311039,0.0,0.9266962878287617,0.45092424055852853,-0.0019572196544632775,0.018230063580659633,0.04169669124156871,0.0001503179914465147,0.003370768623383018,0.008177422114421625,0.013083323236506336,0.019056171454510593,0.11413441178180377,11.01679389167378,9.23685079242696,6.400000095367432,110.59999990463257,581.380229605446,491.01527471149,0.8445682355671397,0,11.287605732274397,6.679019767947717,0.7913903262797116,0
890e87d1-bf3c-4e18-a4aa-bb940e39d81a,8,human,True,,206,1708.0999999046326,0.44091486554221815,0.16136408857256807,0.11764705882352941,1.110788495211977,0.4292323020078765,-0.00031727524436412133,0.01771520958639202,0.07343970410183029,6.633320252879754e-05,0.003740393238429803,0.012953362293863322,0.022944150301157807,0.052723210164324755,0.7071067811865475,8.332195121486013,0.3028926582513963,7.299999952316284,9.400000095367432,752.6019337027378,486.2766702197423,0.6461273196938284,3,7.992229331864551,4.428782841916233,1.589571404803617,0
8c124c45-ab8c-41f7-97f4-54c4023058f9,8,human,True,,164,1641.0999999046326,0.4783177826011929,0.23124845753278114,0.0,1.1028622204655378,0.47670119569185576,-0.002660892775509104,0.019588992130883016,0.040760519439533696,0.000192304169082578,0.0037458524390163866,0.02123702303158933,0.036213545801313814,0.12790417249818511,1.0,10.068098158924126,2.91936008126558,4.5,18.699999809265137,741.4031770052545,488.2130682396775,0.6584987539596386,8,8.99174580756622,5.956172164728326,3.2386509282845157,0
8d3a0046-3215-49b1-a528-dc493e5b4303,4,human,True,,173,1458.0,0.422053921674954,0.2918771221819888,0.0,2.4395731141740358,0.37646163262162474,5.230674814188936e-05,0.0228144398260966,0.11912994987402473,1.93378943766539e-05,0.004653899231766763,0.019416590871320038,0.050079779855726765,0.18890437757807493,2.0,8.476744186046512,1.693398576838062,5.3999998569488525,27.90000009536743,608.4528424427479,515.6064390598706,0.8474057529090866,14,16.481526451131437,9.024702746935494,6.076544677881983,0
8ea4a12c-f28b-40a3-88ca-2e7c3d426b95,0,human,True,,168,1391.4000000953674,0.45844087669067224,0.24852893454931868,0.0,1.3737053393367173,0.4292323020078765,-0.0003351277065082882,0.01946919573731808,0.07278912453772063,0.00011735119012756144,0.0037740566203986504,0.01320869780984894,0.04291828911048149,0.13921254216327703,1.0,8.33173652751717,0.3725763748174629,7.3999998569488525,9.400000095367432,636.3157554468053,520.8617858895007,0.8185586816466054,15,13.477047510895458,7.166191320219988,3.7716058536195822,0
8ec26dbe-62f7-4e4a-9612-6b8acb80ca43,2,human,True,,151,1256.0,0.4779505124784496,0.21948048654446733,0.0,1.2807404667235078,0.48795857615579413,8.41762238157167e-05,0.020365303109819856,0.07404695313897736,-2.693589367189405e-06,0.004337142874450441,0.011980911624219817,0.05078359775894854,0.15647457709904092,1.0,8.373333333333333,0.6120639130567367,5.299999952316284,14.300000190734863,599.1494899092992,498.3532883407112,0.8317678588296106,20,13.308094426749777,7.678696251233694,1.80125750869269,0
8f50ddbc-b1c7-4604-be1f-41b8d723e142,7,human,True,,135,1151.7999999523163,0.5193159239683766,0.21417508847247127,0.0,1.2072554730542975,0.5111615315052248,-0.0006678646357418754,0.022997561134081742,0.06373449510683941,9.603903863732733e-05,0.004813995858224839,0.01265581292154753,0.031251427547084515,0.10639174482114329,1.0,8.595522387703852,2.5623236351710683,7.200000047683716,37.10000014305115,578.6293813435375,480.9750513280289,0.8312316429754016,7,12.828445462170082,7.257936631617959,1.177274062646441,0
92c81e08-116e-438f-a5df-6de14df546ab,8,human,True,,169,1445.3999998569489,0.5090571571132296,0.24845068417194208,0.0,1.2506053897334883,0.507050836374684,-4.198117062507992e-05,0.020377227284330415,0.06162946826714006,1.611709279632293e-05,0.004297366722160519,0.011224552911348626,0.06140212231568974,0.1846500387095543,1.0,8.603571427719933,1.890669225339131,7.099999904632568,24.200000047683716,720.9745184562261,486.83672827756124,0.6752481756498021,12,10.887624881184415,6.724861558630119,0.7925613228679045,0
94f9cbd7-2618-4188-9a3d-1ad9343f76a8,5,human,True,,158,1308.0,0.5487805278123322,0.2638384327129177,0.11764705882352941,1.5971914396998579,0.5050762665418403,-0.0003884882536400392,0.017883848872036385,0.053532596956546746,3.6875871831781913e-05,0.0034377158431899866,0.009133581283012875,0.019701598962923443,0.036323636548978855,0.25298221281347033,8.331210191082803,0.13442658969137647,7.5,9.099999904632568,717.5132101033608,476.4220817720354,0.6639906764969592,3,7.5096554380024845,6.021517821157551,3.6159681305417757,0
954e611c-e4ea-4d49-b92f-37d72107794e,1,human,True,,164,1366.9000000953674,0.5089298098896128,0.2446889893100016,0.11904761769603982,1.5429215118599913,0.43970137249968216,-1.8941942704085008e-05,0.019849384280800287,0.08121855114278177,-1.934175642518763e-06,0.004057961900957905,0.018233429811256155,0.02518256879734901,0.0504191913196605,0.5366563145999494,8.385889571137223,0.44609792124966186,7.599999904632568,12.5,696.6241784682043,477.22217048247035,0.6850496799175512,4,12.75713113789148,7.594208540772794,4.0706735743551885,0
964194ee-a5e3-4b68-9c89-bda75044c182,8,human,True,,169,1397.1000001430511,0.5056438359015161,0.3192669071223245,0.0,1.7805191693406786,0.4344037643847002,-0.00040129014533765744,0.026889356386344248,0.14455191445418983,6.406378422283154e-05,0.005683736548689468,0.018189476233903913,0.03625864236387559,0.09797230443317455,1.0,8.316071429422923,0.550035750151003,6.400000095367432,9.5,703.2922497824261,482.80845063026806,0.686497612876627,13,12.280879838556183,5.555818431710244,5.675932757736422,0
9763618b-cd0b-4176-b05c-3a7040211d02,7,human,True,,141,1168.2000000476837,0.49829273166495086,0.18358814411271673,0.10869565161054211,1.1429919319285833,0.49533542681758774,-0.000241601311467954,0.020268196475848422,0.07123796217833553,3.4978777380234935e-05,0.00418011260309703,0.01171403437293083,0.023508945702605796,0.05987523040831044,0.6260990336999411,8.344285714626313,0.5945311915960271,7.299999952316284,10.200000047683716,580.9423870312626,488.7586316373349,0.841320314282788,2,13.029974825540913,7.435521663986986,2.3204758049872245,0
97acd3ba-cbd6-4c74-be92-8ed9da478ad2,5,human,True,,186,1544.2000000476837,0.4299038162204173,0.17719424741674875,0.0,0.9744733365307442,0.43440377062385244,-0.0005600835513630345,0.017340063832884795,0.044826952201192836,9.726417692167528e-05,0.003676545764355528,0.010366984883878074,0.034126655007164566,0.15604835892367613,2.0,8.347027027284776,0.5793792671326948,7.1000001430511475,10.799999952316284,661.3384458583614,480.9750513280289,0.7272752012833065,9,10.322875087378723,6.033775233391867,3.5667430559795394,0
98b9a6b7-deab-41c9-9bd1-e2dd73b65b6d,9,human,True,,165,1373.1000001430511,0.47697895181024996,0.2445625557256189,0.0,1.204819284030152,0.43440377062385244,-0.00034211733817734075,0.0178190615207012,0.05980079877383319,1.2781436625246316e-05,0.00366364619238618,0.01015376960268399,0.03278674164981458,0.10345871948110792,1.0,8.372560976482019,0.6490449105156754,6.800000190734863,14.599999904632568,652.1822677216302,483.6961856372241,0.7416579836293239,10,12.105252033548306,7.2562624261329685,3.0034544658289177,0
993c386f-5e7e-4f5a-82d0-54d21a574925,8,human,True,,235,1950.3000001907349,0.3630924784031155,0.17138796048715238,0.0,1.4507945359001893,0.35534812184069664,-0.00019958235393251664,0.014596715601125583,0.040079598750616244,2.442830330476085e-05,0.0028825098471518605,0.013492392318225514,0.03961228775091169,0.10554290993783612,1.0,8.33461538543049,0.24555550390847034,7.299999952316284,9.400000095367432,708.3351254392851,485.1278182087686,0.6848845988089451,17,9.680334933833327,5.747489695208195,3.0586077059114603,0
9a9fa261-46bb-4dbe-880e-12392ab7a7af,3,human,True,,128,1061.9000000953674,0.5894299439422336,0.3500872169490666,0.10752688227175068,1.6074294145511496,0.4914435166887127,-0.0001856956796078909,0.023851771128026864,0.0752491035724408,3.1043235747468626e-05,0.004697876499882979,0.014844075139510277,0.03462536311697099,0.09921219364340302,0.7071067811865475,8.36141732358557,0.6009241339953035,7.299999952316284,12.800000190734863,625.0549003328164,473.10569643579646,0.7569026275674134,6,11.814251239421402,5.82185023368852,7.402024242743626,0
9b6137f1-77cd-4856-b140-98dafb75a4dc,8,human,True,,159,1332.5,0.5227411417672937,0.28405249596915527,0.0,1.3737053393367173,0.5111615168220437,-0.0003817493252032902,0.02157871849273738,0.061818473046583486,9.413938763380215e-05,0.003996776081498233,0.016663286632929517,0.04407973565792818,0.15072845253221703,1.0,8.433544303797468,1.3717129060697228,5.5,25.0,688.5650602343799,494.63622997107683,0.7183580151492267,8,13.11035913002636,7.4722404688078035,5.179589224515898,0
9b88c14c-be61-4957-b7a0-1035d2729ba2,6,human,True,,129,1066.6999998092651,0.5635173573852081,0.29578272257693755,0.0,1.679193860311708,0.5371399123962814,-0.00018945061213517124,0.02509596289427372,0.08080400094316176,9.558551664115667e-05,0.00505292883338944,0.017556752803544188,0.06751131915185235,0.5265554347733301,6.0,8.333593748509884,0.28319531388446834,7.3999998569488525,9.5,600.1891924115694,524.6189093046495,0.8740892304253641,6,9.104705919830192,7.761768038062064,9.613476113140047,0
9f64e3f7-43c8-4393-b514-b7de2cd33456,3,human,True,,151,1248.8999998569489,0.506589258037255,0.18882354972292967,0.12345678794313146,1.1107884633044338,0.5050762808775031,-0.0005012403878992183,0.0193212426956409,0.04242872762669091,0.00012175814981945214,0.0038596037757359578,0.016932444038780674,0.015562618070357467,0.021215526174743857,0.1178511301977579,8.325999999046326,0.2564969089488112,7.299999952316284,9.300000190734863,632.1522978532321,481.00103949991626,0.7608942356665943,3,13.662309692030647,7.682337982995909,5.152521115301101,0
a14f7b66-020c-40d2-845e-1ea9e58e6734,6,human,False,out_of_bounds,136,1124.9000000953674,0.4394533621391236,0.20867085660774173,0.0,1.204819284030152,0.3809973106428611,-0.0001797912256538018,0.017104487438831143,0.05311888826053208,8.195271707645018e-05,0.0033849389924355926,0.013061532295968088,0.044357730394109056,0.21629924550401433,2.4748737341529163,8.332592593299019,0.19695066327462551,7.400000095367432,9.399999856948853,494.54762442112826,416.70733134899365,0.8426030391648383,6,10.450463461908853,8.054164759404694,2.206785623597148,0
a2e4089b-9076-413b-94c1-26aeedda6066,4,human,True,,126,1041.7999999523163,0.5169666462670935,0.20848947905510354,0.12195121880303814,1.7074997966487595,0.4908459022389223,-0.0004489322806886548,0.023848298970108598,0.10306023919648039,0.00013228888048505213,0.004973125822819827,0.024190233949345222,0.015474740616117593,0.02309759651109174,0.19641855032959651,8.33439999961853,0.29936038575655044,7.400000095367432,9.400000095367432,537.0299535198482,498.1214711292819,0.9275487668135661,1,12.328379681223533,7.016597680564121,4.037849698382842,0
a35f4e22-2752-40f0-bc43-1dda2f5df09b,2,human,True,,138,1141.4000000953674,0.5468325185974686,0.19550942522099346,0.0,1.2732081034389338,0.5388115639388092,-3.730876792811663e-05,0.02000324163986858,0.07938173533275743,3.674704638539888e-05,0.004119055942628719,0.01426363386175096,0.023775237682507475,0.08999853794671658,1.0,8.331386862009982,0.11636328013996174,7.6000001430511475,9.099999904632568,623.9371652833877,513.6088005476541,0.823173917383775,7,11.714106886093614,6.6457150994912775,1.6300271053217266,0
a3c76530-6284-49bf-a136-4e0582403f1d,8,human,True,,173,1436.2999999523163,0.516025795881221,0.2530904727549288,0.0,1.524252459927627,0.4608145494481263,-0.0004875710427650796,0.020948946166168964,0.09183829433989109,5.8325671834025506e-05,0.00432855550730693,0.01568195503233386,0.036323335029801826,0.11898233615504655,1.0,8.350581395071606,0.35658215370217916,7.5,12.600000143051147,739.1340425409367,477.8378386021768,0.6464833319806291,8,9.885123197594606,7.03620184110905,7.372281859752644,0
a40a36f7-dbc0-4880-9d8b-b7ff2d1bf84e,5,human,True,,191,1587.2000000476837,0.4327926947593994,0.1877947998521237,0.0,1.2466908835616033,0.43440377062385244,-0.00016993349369696714,0.016276142261895606,0.08877695980683471,1.4015218306893495e-05,0.003321544100144616,0.016650938082450523,0.035038360187302185,0.11195343314148552,1.414213562373095,8.353684210777283,0.3602077031096807,7.3999998569488525,12.0,686.4663907585723,482.34842178657533,0.7026540968066353,10,11.92861726814808,6.364112437373589,1.7250722428571563,0
a647e828-2f63-498d-a08f-b78ff6b4eab6,6,human,True,,144,1192.7000000476837,0.5336664316727896,0.17970742416794658,0.0,1.0907648607301754,0.5111615315052248,-2.3503029684889724e-05,0.02018185125804244,0.0755990512702626,7.476738345817263e-05,0.004180496611123092,0.016354564094930926,0.029460147400938805,0.14902866129016684,1.7677669529663687,8.340559440892893,0.41799349115512174,7.299999952316284,9.399999856948853,635.4102619389039,538.3985512610524,0.8473242934701306,5,8.458758315028188,6.586404925004363,3.58028051750874,0
a778bffe-00bc-4e0d-9cbb-92df48dffbfa,3,human,True,,162,1345.2000000476837,0.47746260229216686,0.20092398254880092,0.0,1.1904762107498794,0.5050762665418403,0.0002000682711349789,0.015662965422496605,0.04072082571356676,-1.186813584375615e-06,0.0031410688317186574,0.007813859151748608,0.030108258754522405,0.09564931243978879,1.0,8.355279503401762,0.4316515443123331,6.400000095367432,13.299999952316284,642.8955531842957,489.17277111466456,0.7608899590170843,14,11.90688376131847,7.132980879429588,4.4740654036322045,0
ad3d5ad9-9db2-44f2-bd2e-16456021650c,3,human,True,,171,1419.9000000953674,0.4579030438201401,0.16975291576793083,0.12048192840301518,0.9713563607971603,0.43440377062385244,-5.232253106061592e-05,0.015722462417146327,0.04590329070261452,9.63784508215876e-06,0.003233337130378842,0.007673873250757503,0.017534989381640914,0.028021201180263935,0.17677669529663687,8.352352941737456,0.3214311790074024,7.3999998569488525,11.5,650.3634625787308,493.0,0.758037664116654,3,12.061229304492876,6.570278961108365,2.617384228883029,0
ad934f51-4c75-4fc9-9847-8467509bda30,2,human,True,,163,1348.6000001430511,0.44730563032550646,0.1547332255813317,0.0,0.9459459337550765,0.43440377062385244,-0.00017080108247217253,0.018135248107501337,0.05030507441167734,9.50538573528236e-05,0.003773087941392313,0.013285097122655628,0.027464868675661367,0.0891043438040827,1.0,8.324691358907723,0.13008151264954496,7.400000095367432,8.900000095367432,602.8566497156223,501.3232490120521,0.8315795293102178,5,14.513295946587723,7.9822078519770905,1.2576702591223636,0
b12ffc44-1a1b-4260-8cf5-a10bcd833626,5,human,False,out_of_bounds,16,124.90000009536743,1.038289276771671,0.6466816580749402,0.2512435902853184,2.1831749640147557,0.9614803401237304,0.006394280340395723,0.038799551026669904,0.06559561476710483,0.0009788517310420908,0.0069819143653315485,0.011446513863131003,0.032146643571569086,0.05983885305845486,0.24596747752497686,8.326666673024496,0.6516304749815571,7.3999998569488525,9.400000095367432,129.31553264483128,127.04723531033645,0.9824592043345267,1,17.299497970108334,9.402029743367311,0.0,0
b1b8139e-3041-4bc3-906d-795ec186b7bc,5,human,True,,154,1278.6999998092651,0.5300030771469818,0.20821291484182244,0.0,1.225670240964045,0.5050762665418403,-0.0006426920494002182,0.018330022418644086,0.05189496080611055,7.3875505364172e-05,0.0035108920963313685,0.013644552070968496,0.03559151438341218,0.18014923234184838,2.0,8.357516338622649,0.2608915974267959,7.5,10.600000143051147,675.6151262396517,486.7124407697013,0.7203989695711113,7,10.48837914430871,6.422839970849715,2.715486207470365,0
b2cafa56-35ad-47be-8a8b-8e0af96a429c,1,human,True,,146,1474.7000000476837,0.517419560269389,0.3633292476009114,0.0,1.6741548468242597,0.43440377062385244,-0.0022407990523571784,0.02420015563155703,0.126546062412931,0.00012248310803285092,0.0039865399508358474,0.014056677775985897,0.07600577133561387,0.412257049920648,4.0,10.17034482791506,3.0991238770753045,6.1000001430511475,29.299999952316284,716.9173057133435,491.58620810596386,0.6856944367060971,9,8.83403099625709,6.670227084191011,5.268446123433113,0
b459244e-e4fa-4f99-a68e-c0554bdf9d5a,6,human,True,,142,1241.3000001907349,0.5047114133576414,0.25690834768809545,0.0,1.4741134218990197,0.4908459161706824,0.0003888553300809535,0.016856831561262393,0.04313445854935145,3.8604903607595986e-05,0.0034053134517014897,0.007711768234528479,0.03577510962445779,0.12635845495625248,1.073312629199899,8.80354610064351,4.658880206236252,7.299999952316284,62.90000009536743,597.7205015228988,526.2736930533389,0.880467863679555,5,12.396907850232537,8.569391931321219,4.066765263395105,0
b4709d79-9a09-4f3f-be12-53613041f7ef,9,human,True,,183,1519.9000000953674,0.4157510867916543,0.21781194420633276,0.10752688227175068,1.57089215485678,0.3809973106428611,-0.00020346535706402267,0.018978875469446654,0.09715726397223202,4.979895664319366e-05,0.0037931233977497487,0.01325089375506332,0.028494368991103084,0.04443562195436548,0.35777087639996635,8.351098901622898,0.44471734035990446,7.299999952316284,11.799999952316284,631.0388120395099,475.3283075938146,0.7532473415661378,8,10.783168612419809,6.6123823983815075,4.552228893896072,0
b520bb23-9745-495c-91ed-14ad99771203,8,human,True,,166,1375.7000000476837,0.5082411008938046,0.3957362456936289,0.0,2.547730275721691,0.43440377062385244,-0.00013163726303444255,0.03156882027210575,0.2363383134679282,-1.1384913068358224e-05,0.006432322708688236,0.026707800306132803,0.05897612460600864,0.16397983751725836,1.0,8.33757575786475,0.3879005452663825,6.900000095367432,9.399999856948853,698.2952924422405,497.86042220686716,0.7129654568708806,13,10.420609423191475,6.004632087136456,4.165512480266289,0
b5b6a15b-1305-45aa-a6d4-d7dca643ab9d,0,human,False,out_of_bounds,57,466.7999999523163,0.78158024552201,0.45809005741225084,0.1663780661615406,2.0196451458487226,0.7229965094972339,-0.00016038948698221308,0.028688698856791945,0.06513183725244044,0.00023311223110712928,0.005256385321793562,0.014375154809785925,0.017240006375727736,0.03883431433863661,0.24,8.33571428486279,0.3393421360477868,7.3999998569488525,9.400000095367432,364.5199431097693,307.688153818115,0.8440914129229402,3,14.660327569620168,9.714059158217811,16.915431505608844,0
b5cf0a27-60c5-4d27-898e-675ed11ca846,0,human,True,,173,1433.2999999523163,0.45041974373856336,0.249158400045127,0.11904761769603982,1.5245533725563045,0.42923228982490574,-0.0005704679533791462,0.018403843846829557,0.057392630783821987,8.108657771766025e-05,0.003567611503862267,0.012594704739829805,0.03783575722115697,0.07468401607535556,0.6260990336999411,8.33313953460649,0.29845634923929476,7.5,9.299999952316284,645.1880679163194,509.8862618270863,0.7902909045943769,15,12.424595760384198,7.665743110959241,4.039604788696955,0
b60c297f-e80f-4d63-a321-735ff0c61bca,2,human,True,,208,1728.4000000953674,0.38116289886329413,0.18704178322957296,0.0,1.0111263668147576,0.3677066985543621,-0.00030595773346174147,0.01587603863970319,0.08627554994344941,3.931484087624693e-05,0.0032829639725474374,0.013575031535266992,0.06204182105896649,0.1934274269083643,2.0,8.349758454566992,0.6587115593609756,7.199999809265137,13.900000095367432,656.8720808218548,521.4259295432095,0.7938013271789844,24,8.04911747442152,6.673752752594001,2.880571056345077,0
b66b02d1-5116-4d04-b50d-e6c21a4360d1,4,human,True,,164,1359.9000000953674,0.416293714584634,0.17055260198962982,0.0,0.9409939152320853,0.42923228982490574,-0.0004349845503271517,0.0149554480183003,0.035777421077899565,7.024197887200264e-05,0.0029136065158083427,0.008808021107254543,0.02987080627557409,0.07998331951664557,0.7071067811865475,8.34294478586115,0.4370802983554489,7.200000047683716,9.900000095367432,565.944121293935,519.1078885934985,0.9172423019549113,14,11.599567885680516,7.072584008060567,3.853222079474147,0
b6f390f4-3a33-44e0-ab13-69450018f0ab,2,human,True,,163,1350.0,0.4642813015118809,0.15042025747864418,0.11764705882352941,1.0647942629110076,0.45069390943299864,-0.0005141017807518207,0.01671570389363736,0.03916090464140186,9.828156092067037e-05,0.003418650350830847,0.010426644076483603,0.027073857381685905,0.11814801476969233,1.5,8.333333333333334,0.32356044434501574,7.3999998569488525,9.300000190734863,625.9378421680799,504.76232030530963,0.8064096565194862,6,9.546039254533444,5.791127241851532,1.329155904103897,0
b7fbf5dd-ca67-4893-b86b-87d60b1a388a,0,human,True,,145,1199.7000000476837,0.501621173801077,0.18090010519610467,0.1683587555139468,1.0894942762697672,0.48666919214342025,-0.0007680355933002293,0.0173893422687124,0.04662288551527018,0.00011786465582657184,0.00344757729171157,0.010776275574390934,0.018099659136883512,0.022823795873383654,0.12649110640673517,8.331250000331137,0.4284125761169105,7.300000190734863,9.400000095367432,600.4533631090865,500.9830336448531,0.834341290139194,3,11.954111430971322,7.658719815669098,3.6230843282444996,0
b96e7a8b-d34b-4bbb-b37b-ab7ec7774b6b,4,human,True,,138,1148.2999999523163,0.48533997015551017,0.17836480305250507,0.0,1.1107884633044338,0.47619047078415927,0.00013007436107791124,0.018635497851754536,0.05359172031641011,-1.885746937801472e-05,0.003916885237859444,0.010047632095681287,0.05758214335042865,0.4271820796260626,5.0,8.381751824469461,0.5811163334699789,8.099999904632568,15.099999904632568,556.8352345795743,511.24944987745465,0.9181341591349942,4,12.582726063913794,7.709895683934578,0.9338844866522101,0
b994637d-5673-40cd-a713-0191abd908ea,4,human,True,,149,1255.5999999046326,0.4615733330387232,0.22393728301566743,0.0,1.0776231278776185,0.4967597096489925,-0.00016442314425474822,0.017354554034068638,0.041570369008220184,4.0670775505678644e-05,0.003547632970949176,0.010885419044782433,0.03948761678682158,0.11491327944803503,1.0,8.48378378313941,1.4486272186042712,7.0,25.0,570.866294034483,505.3889591196072,0.8853018025427147,7,12.835267855146267,7.446008174363492,2.3537221811059927,0
ba0e39d0-cd46-435f-b1a5-80845dbc0a63,4,human,True,,126,1041.7000000476837,0.5241489020193408,0.20884463743916093,0.23809523539207963,1.3913013524732654,0.496759702514249,-0.00023583159068452146,0.027736661274043048,0.12388244643385582,0.0001032293979356465,0.006065545473565189,0.018866178642025076,0.014755390557815487,0.03390785197197309,0.27106922798178396,8.33360000038147,0.21088156958008455,7.400000095367432,9.299999952316284,545.6130146340022,504.0962209737343,0.9239079850613215,2,12.106518575637256,7.387826642154875,0.36820807895033303,0
bbbe9816-3a8f-4d77-8003-264e9a2aa910,1,human,True,,170,1437.6000001430511,0.47391728172892456,0.2095007241580445,0.0,1.5245533725563045,0.4819277136120607,-0.0001774634147729776,0.017517401207753455,0.10199707484227359,-3.052912367579507e-06,0.003580345734237258,0.013847590185549359,0.044392215111687464,0.1529851046372605,1.0,8.506508876586102,2.3883380868881154,4.0,38.5,666.011490733622,486.19029196395934,0.7300028584017569,10,12.284812652839033,6.762377811309642,1.966169954236569,0
bd71baf6-8935-4328-a395-c10196b19b17,9,human,True,,159,1318.8999998569489,0.5487246672572582,0.3110906348623172,0.0,1.976050549527971,0.5205890048916857,-5.061347423021698e-05,0.03101657466986782,0.14446763567794926,2.3264196580728268e-05,0.006792156231827933,0.03702415725815959,0.029284783094074673,0.07191861474000685,0.7071067811865475,8.347468353524993,0.3005689437542895,7.299999952316284,11.799999952316284,724.2157351164822,502.4868157474383,0.6938358162939097,7,9.373325836387094,4.796368281915345,3.3001897664464104,0
bdca8950-6c5e-4b96-ad67-bdfb906afa74,1,human,True,,208,1833.9000000953674,0.39557175797344235,0.36592263983828904,0.0,2.248669366751325,0.27605777825021127,-0.0008206833576464904,0.02451503225023192,0.12358731091331421,0.00015895585228771822,0.004924788372747892,0.026957629400873106,0.06961604819988726,0.18046645350012763,1.0606601717798212,8.859420290315784,6.845196172358309,5.799999952316284,105.39999985694885,677.7657550273834,489.0746364308826,0.7215983292208719,35,14.393511352733649,7.58768382877589,19.001568046944687,0
c435edbc-609e-40f4-8609-cd994e87ec55,7,human,True,,186,1546.0999999046326,0.3889543279228571,0.1339759469349391,0.1136363642521141,0.9953404744718042,0.37646163262162474,5.429146877038799e-05,0.01310011469596588,0.03290839450120576,3.254517747868289e-05,0.0026952041513897507,0.0055268904526127255,0.022869035980060366,0.026232287184060347,0.15811388300841897,8.357297296781798,0.3534589667170975,7.5,12.700000047683716,602.2878678707857,485.8240422210494,0.8066309619327707,3,9.443657149811939,6.657491452878113,3.8747709180853374,0
c626778a-4aba-4307-b0c4-097f5b345cb8,4,human,True,,137,1133.3999998569489,0.49958668754286273,0.25446802102063326,0.0,1.5448554706399398,0.47905909219811,-0.00016769883830692158,0.023044646429694872,0.08214261969055811,0.00012435519717777328,0.004596372000005422,0.012760462705656712,0.07294998626243877,0.5228549583322587,6.0,8.333823528359918,0.4899310465069571,6.299999952316284,10.399999856948853,564.8303264911658,515.1019316601327,0.9119587024656494,6,11.36514427971445,7.46614244809423,1.6836361596536042,0
cbedb3bb-4463-49e1-925c-38ba00d03124,5,human,True,,159,1315.7000000476837,0.5301914419119572,0.20051350373953056,0.0,1.0553832479911762,0.5173952177810477,-0.0009842920562445154,0.018825488514954383,0.04603879660575535,0.00016891973631413834,0.0037983184271074264,0.017077838957209296,0.027836426763844815,0.11334087005973727,1.0,8.327215190175213,0.5101065624941897,6.700000047683716,9.5,693.9934682094333,488.5754803507847,0.7040058771898159,2,8.353509457917093,5.713894540043798,1.1820858316692822,0
ccf4f311-b5b5-488e-b28f-2036a6c05a6f,4,human,False,out_of_bounds,73,599.1000001430511,0.5000490202474559,0.1849617344465482,0.17246506757918534,1.0240863296878742,0.4848662944121066,-0.00012501904050560075,0.0210064810005362,0.058466839582768805,0.00017984952326679065,0.004170037949406654,0.010471806714665507,0.021059147999177,0.05417102946211019,0.4480270815665312,8.320833335320154,0.46065695943127904,7.299999952316284,9.399999856948853,298.57781348448805,272.1562051469707,0.9115084673265919,1,11.882358138927158,8.438581575096082,5.517119632332371,0
ccf9850c-18ca-44d9-a40f-4d158dda8882,0,human,True,,143,1183.2999999523163,0.5379279043102759,0.20314457775957612,0.0,1.3032113118715574,0.5217793314803643,-0.0008448455818198174,0.021686205021728865,0.05233780399030283,0.0001503407802294737,0.004460573957040218,0.01579485610635408,0.02352833052229857,0.08629589343288019,0.9838699100999074,8.333098591213496,0.390146569516466,7.3999998569488525,9.300000190734863,634.3028759758924,509.4948478640388,0.803235910100781,2,10.95942926583015,6.5490705538036105,3.247587330328584,0
cd862c67-b4f0-45fd-952a-0902d1e83307,5,human,True,,188,1557.5999999046326,0.4303750432045581,0.16263077717321897,0.0,1.0364247071518435,0.42923228982490574,-0.0006130559207230612,0.0178785033422598,0.05995339109299214,0.00011136773212139176,0.003640259323643304,0.014566475061337094,0.05943174476474921,0.37365875579891655,5.0,8.329411764195896,0.5292929294703057,7.200000047683716,9.5,668.1689153613902,483.25666058524223,0.7232552270466891,8,9.765300045570951,5.758230504089882,4.000504736029585,0
cdddd311-d400-430d-b672-7a3e46fa601a,6,human,True,,156,1292.5,0.4781262150801836,0.22665586014572206,0.0,1.2292725943057183,0.4808748363365031,-0.0005759406880998207,0.020930043287098847,0.08047287761359796,0.00013530507488975933,0.00421472681606468,0.016053036134069828,0.03696179179822106,0.10805093461236878,0.9838699100999074,8.338709677419354,0.5703860762377762,7.299999952316284,9.400000095367432,614.2991854940399,524.9619033796642,0.854570404415354,12,10.421149862463206,6.889876601902592,11.538040468741078,0
cff585dc-d49c-49b4-87a2-2bc14f4a3d5b,7,human,True,,148,1241.6000001430511,0.48719852738699637,0.29429146289111324,0.0,1.8112405379204322,0.43440375814554794,-0.00021390886974802245,0.019412589812551666,0.05973819867400933,3.932505619603736e-05,0.0038907635123778704,0.014626409614277133,0.03232264532088888,0.09637319702706867,1.0,8.446258504374498,1.1430518960266118,7.299999952316284,20.200000047683716,603.8841193345197,496.8138484382254,0.8226973230985346,7,11.613201023300126,6.503766766561992,7.651238256985927,0
d04bc215-caf8-489a-9ffc-e5ec9104c666,0,human,True,,141,1166.5999999046326,0.5634903081264996,0.3043088756396228,0.0,1.8390768205021402,0.5142783671213904,-0.00032290924100611824,0.022257188329741436,0.08523616924495375,0.00011432028453555528,0.004203126144971158,0.01567980851003277,0.0404674206852831,0.15633541310565868,1.414213562373095,8.332857142175946,0.16055386862378873,7.5,9.200000047683716,657.1742929486998,512.2987409705396,0.7795477493069416,8,10.858046059774052,6.411655800454328,10.235898694723748,0
d396f5ed-547a-4022-990a-7510b6256517,0,human,True,,161,1370.7999999523163,0.48526534525838727,0.15537680396037237,0.1452282156239622,0.8794027705683836,0.4949900573276521,0.00024694636427301134,0.013542090442454413,0.036503881370068124,1.355305885988379e-05,0.002775557325795201,0.006470015437466791,0.020523131627819026,0.07132265529832187,0.8944271909999159,8.567499999701976,3.1515383196275724,5.8999998569488525,48.200000047683716,652.3158688357372,509.5144747698538,0.7810855125742113,5,13.079968940196308,7.51076169769754,1.354733220202913,0
d4509ac5-2100-4c3e-8580-44d75535a501,5,human,True,,146,1249.2999999523163,0.5421041690122481,0.3751385148502102,0.0,1.9525261602580755,0.4908459161706824,-2.719265213995754e-05,0.02051500934299927,0.07741779045504528,1.0959799427002596e-05,0.003988123893842914,0.013884035745907523,0.044909418861313825,0.1968650892471439,2.1213203435596424,8.615862068636664,3.218774151641771,7.299999952316284,46.700000047683716,656.4802956231454,481.14239056645175,0.7329121586349229,14,11.24967926971198,7.0410426933262205,3.4419708927142927,0
d659b2b9-e128-454b-82fe-31c9bd2823c3,7,human,True,,175,1454.5,0.40882704776091777,0.1618250766352989,0.0,1.1366242393078398,0.42923228982490574,-7.74499260731908e-05,0.016632428507145487,0.04456518437852624,6.401058859317482e-05,0.003543559983140523,0.014120565642681535,0.030097298731043942,0.08523398752489328,1.0,8.35919540229885,0.5002314841514768,7.299999952316284,13.099999904632568,594.2387050459597,491.58112250166806,0.8272452102621759,11,12.183451449832893,8.98968878155912,3.6136808344093865,0
d9827ddf-cc63-4b22-800f-c44d7ddedd8f,2,human,True,,156,1289.9000000953674,0.48784894992589634,0.18252362073516756,0.0,1.0776231278776185,0.4908459161706824,-0.0007385255990360259,0.02112169245138345,0.04157037241196832,0.00014348112153185315,0.004242247381217821,0.023013228447744526,0.03725460301900905,0.17718407640994804,2.1213203435596424,8.321935484486241,0.4155479616303472,6.700000047683716,9.400000095367432,626.5104222290921,512.0820246796405,0.8173559553210286,6,9.581606387064884,6.236506311309586,4.5332851837575845,0
da217fc8-1ed0-4b95-9fad-ac455e40b937,6,human,False,out_of_bounds,83,682.3999998569489,0.5359362378542579,0.21939790503468937,0.1703871771684083,1.2658228077313172,0.4908459161706824,-0.0005617024471019069,0.02295061323249188,0.07081952189856945,0.0001451807323159322,0.004704507640929564,0.012472091724668108,0.01855090844228229,0.032520448749568144,0.27498597046143514,8.321951217767669,0.21809843492692238,7.5,9.400000095367432,365.09093325468433,309.03236076501764,0.8464531233632123,4,13.416304706242652,7.762199894327091,4.309172441990629,0
dc9ead35-b931-42ca-9b69-6e696e3c9b99,1,human,True,,194,1606.2999999523163,0.41410564755524226,0.23587453399103725,0.0,1.4050486574323544,0.3809973106428611,-0.0006749257193419579,0.021691338124854916,0.09640601901882867,0.00011661627921505832,0.00427702750915319,0.01804619462085018,0.05312355257460106,0.1373482735382235,1.0,8.322797927214074,0.2934491083867444,6.299999952316284,9.400000095367432,663.2415522513018,474.3342703199928,0.7151757436033922,19,12.520861830835488,7.684883050521204,14.653872917953631,0
ddfdafdb-406b-482e-ac99-6a8b1445f477,0,human,True,,158,1307.8999998569489,0.48840474129975897,0.17452338923703273,0.12048192840301518,1.2072554730542975,0.4761904842999518,-0.0005873569383464472,0.020836237824517538,0.06333816474709197,0.00012678374702146687,0.004138346591923287,0.016028716386124884,0.017529900089685736,0.03488260421812925,0.35777087639996635,8.33057324749649,0.20523789854756228,7.599999904632568,9.299999952316284,637.5798636031747,506.35264391528557,0.7941791653420786,2,10.818156774231127,7.999838265490134,2.1451670641107556,0
df3e0acf-154e-4d22-befb-541c1d390c2a,3,human,True,,155,1281.9000000953674,0.4968061700876867,0.20191991967480122,0.11904761769603982,1.2195121880303814,0.4819277136120607,-0.0004872700115874186,0.022001941996968866,0.06353480745965073,9.239799220537552e-05,0.004455057462638004,0.014278831597485546,0.01961799937186709,0.034471922648053245,0.35777087639996635,8.324025974645243,0.13913237594019318,7.200000047683716,8.899999856948853,636.284026758097,469.03837796069524,0.7371525266011663,4,9.363161248855892,6.507600095177602,2.281998669195192,0
df8b963a-a058-4abf-a16f-6c5651819b83,2,human,True,,152,1262.1000001430511,0.48399425258090323,0.2128106225803586,0.11764705882352941,1.3630973781921167,0.496759702514249,6.626532025018598e-05,0.015883919954472383,0.05007657230696936,3.3732753800749967e-06,0.00325656742406519,0.00969096597801313,0.026977645867685703,0.07753664386026195,0.7071067811865475,8.358278146642723,0.35235398883135843,7.599999904632568,12.100000143051147,610.7552651308715,504.76232030530963,0.8264559458151377,5,12.00698377961388,6.454706204285474,7.146682622813302,0
e1f7c4c6-9f3d-47fc-a654-cfac0283a294,2,human,True,,153,1285.6000001430511,0.5391194532228208,0.34546767928593297,0.0,2.0517333088868277,0.49084590920480237,-1.375754051101711e-05,0.022993618979194105,0.06729487622992263,2.048278719844777e-05,0.004585768782597196,0.011884258496572455,0.04381154400049135,0.2325138484647951,2.82842712474619,8.457894737783231,1.6055629494483115,6.3999998569488525,25.09999990463257,680.6829870516802,524.1545573588004,0.7700421008451096,13,9.917297442718404,6.6725498679451185,7.944124143658813,0
e27c1836-f648-40a0-b826-4178f762c853,4,human,True,,137,1136.7000000476837,0.5166647579131903,0.32310379723189725,0.0,1.8819878845245162,0.4550853074358794,0.00040034528829999876,0.020655931143426495,0.06251692411545652,1.9704851015087528e-05,0.004060163306053135,0.01168544192761839,0.06817343270567738,0.23839445817777544,2.1213203435596424,8.358088235644733,0.38759348483459977,6.799999952316284,12.100000143051147,587.0090616030045,519.1078885934985,0.8843268742324327,15,11.699752487015513,6.70696765452747,3.422708677067889,0
e2e4bcd5-ab23-415f-845f-7fae93a6d404,1,human,True,,214,1774.0,0.4127039959427215,0.20359396261893722,0.0,1.2404637256557995,0.4292323020078765,-0.0007347545705920877,0.018864483713280394,0.07079731601304155,0.00010998529180290917,0.0037947238505014595,0.01733962183175593,0.03182366914953739,0.0632961300221273,0.35777087639996635,8.328638497652582,0.31065057004072977,7.299999952316284,9.399999856948853,730.5992451495422,490.39779771120504,0.6712268058952461,12,10.058233181664322,6.634941851445549,3.4255007760606793,0
e3d45571-2569-4ea5-b1b1-a3caab5a9e2c,4,human,True,,146,1211.5,0.45605376350943083,0.16845806460044552,0.0,0.8537498983243798,0.4819276997686248,-8.61495705183367e-05,0.015519118735581832,0.03077521397046068,6.293310258747655e-05,0.003239820244801954,0.00914290989543734,0.0344075513992946,0.1493584638806087,1.5,8.355172413793104,0.36895585698420325,7.299999952316284,11.600000143051147,551.8170380470851,506.02964340046327,0.9170243187693763,6,11.119209006025615,7.184148269462779,1.9295279259695204,0
e468d1dd-ac87-4c2c-9b0e-544f3924195f,0,human,True,,174,1450.0999999046326,0.4531052393241335,0.12330953981825693,0.16444343930879576,0.8082173226920661,0.43440377062385244,-0.00046348474517789835,0.0157267987481367,0.038109095052364664,6.085513956324175e-05,0.003413040510753638,0.010038632760811123,0.018678824382174847,0.0358513696047009,0.38402321277131246,8.382080924304235,0.8512977081482384,7.199999809265137,16.59999990463257,653.0175297001347,506.1225148123723,0.7750519577089814,5,9.356841353002586,7.181499574658257,2.821228328093651,0
e4d1573a-d0a5-414f-928f-1f37da2b3600,8,human,True,,158,1311.2999999523163,0.5271574476807229,0.21458658259892913,0.0,1.351351377474644,0.5050762808775031,0.00030060633275241815,0.017523647458673325,0.05496360565024274,-6.803830762584611e-06,0.003597160014668697,0.01123923456269097,0.041348320649980015,0.24601525316761028,3.0,8.352229299059339,0.5204831258158701,6.199999809265137,13.5,691.6502920991484,487.77966337271585,0.7052403056063373,5,10.264721713576634,5.891935650080594,3.4592016903227445,0
e5cacc7a-c21a-46db-910b-39bdd9f5f745,5,human,True,,168,1395.2000000476837,0.5092801518235783,0.26356275166213583,0.0,2.2150333031893075,0.48507125007266594,2.716892975367576e-05,0.0248405037826537,0.08325128072140725,1.5122411886359714e-05,0.0052043926230347076,0.029816853926066728,0.037048073133347445,0.17460994127583426,2.0,8.354491018249604,0.3582570283586186,7.5,11.799999952316284,710.0368841599425,480.63499664506327,0.6769155340623062,13,8.324040697597232,6.167817769066234,10.04688113072854,0
e77810ce-f7fc-46fe-a805-f2cb24dfd763,1,human,True,,182,1508.5,0.5076697493780168,0.3933717611089864,0.0,2.076754422792565,0.4292323020078765,-0.0007541477842713084,0.02522362453998418,0.07730180920922827,0.00011311242483382332,0.005040682683733482,0.02074620473260732,0.06518082268940924,0.19349607385896933,2.0,8.334254143646408,0.45388210272975726,7.299999952316284,9.400000095367432,764.5378054964913,511.4313248130193,0.6689418379786929,21,11.457045537571263,5.530415769346055,5.972154189215281,0
e8967a5f-14c4-42d9-9972-0a6e9fd8082a,9,human,True,,183,1517.5,0.46119286196743536,0.1993308229617611,0.10752687951514789,1.312363696035976,0.4292323020078765,-0.0005902653143534015,0.01898292840202255,0.07590454523638203,0.00011053441176356385,0.0039193363848814885,0.013352737876341727,0.02679583574451142,0.042186638427218696,0.28460498941515416,8.337912087912088,0.5217700661335595,7.199999809265137,9.5,696.9118668194608,485.9238623488252,0.6972529605019722,7,9.605141986236479,5.739023376366162,2.6167051317483536,0
ea3a6c40-8622-4477-95fa-e13621cbe710,3,human,True,,200,1671.2999999523163,0.3836755736433677,0.19380809280347056,0.0,0.8688075412477049,0.39621441964671006,-0.0005570341434978912,0.0174207666196525,0.04159845734179592,7.920379358621576e-05,0.0035841328287647507,0.009546838709693653,0.04585028382056837,0.15184608169672845,1.0,8.39849246207194,0.9666019534802534,7.299999952316284,21.299999952316284,635.1359047829345,479.12628815376013,0.7543681353009124,18,11.172306762843236,6.947458336326492,1.1118689688863501,0
ea7a6a58-d698-4b65-ae3c-f1d5c2c97595,7,human,True,,148,1223.2999999523163,0.49019178249554424,0.2763132901811706,0.10638297764409879,1.41665818574027,0.43440377062385244,-0.0009211953137742515,0.019758133904605672,0.04405575764644371,0.00014389354678952663,0.003823562350228309,0.016568725381143,0.025451130978678443,0.064627666895444,0.5,8.321768707158615,0.45796310322821504,6.699999809265137,9.400000095367432,597.7986565048857,481.3855004048211,0.8052636036676787,13,12.03499064409893,7.882828804122587,7.659795934207295,0
efe303c2-513d-4702-9733-a4ec9caf2e8a,5,human,True,,164,1359.5,0.509238884619013,0.248454213829342,0.0,1.3922182317935186,0.4744146474615389,-0.00039983645115789656,0.020735346326408877,0.06921159252888717,2.4156632237501258e-05,0.00428225319478814,0.01521888858802319,0.02773955820933622,0.08898394011094603,1.0,8.340490797546012,0.38858528361953953,7.299999952316284,9.599999904632568,691.9951141220123,477.31017169132275,0.6897594534275333,8,10.09679609069234,5.146513662673639,4.551055080228899,0
f079786c-9e3f-4ed4-afd4-9b03947914c7,8,human,True,,171,1417.6999998092651,0.47119088181450897,0.2542996930162127,0.0,1.3470288711534435,0.4455230609347185,-0.0004597058337713839,0.02003785117434556,0.05911018529992728,8.7478708798045e-05,0.0040613412033448995,0.012627033951370758,0.051708461043751604,0.18072141646673642,2.0,8.339411763583913,0.2878514972988969,7.3999998569488525,9.400000095367432,667.0408813150927,478.5154124999528,0.7173704429577751,11,14.196622911974112,8.30985473760845,4.1471401002933925,0
f1dd21f4-e360-4b76-9572-5031c5ce4ce9,2,human,True,,131,1083.2999999523163,0.5871436050034847,0.2802577011402837,0.12345678794313146,1.4050486170721501,0.5953224594142141,-0.0005835981112704941,0.028823143630219712,0.07992929753344181,0.00015595318080601007,0.006214908098586467,0.017849668555139322,0.028783920160675422,0.0906137130097605,0.9838699100999074,8.333076922710125,0.4773949189098788,7.1000001430511475,9.5,633.4849031536719,524.1545573588004,0.8274144415271882,10,11.286870164105112,7.1525500542518925,0.6563724967747506,0
f3c83a74-00a2-4be3-a9c9-b4c410acd048,8,human,True,,200,1658.3999998569489,0.4484035517889797,0.2286458061830602,0.0,1.3883218639630845,0.43440375814554794,-0.0004800094489417459,0.02144576438561594,0.10404512049096855,5.969975370632205e-05,0.004423372397125804,0.015049381030864914,0.033666719145880174,0.10117744922722227,1.0,8.333668340989693,0.2628068708889918,7.299999952316284,9.400000095367432,742.5612382436484,501.5994417859733,0.6754990914586212,8,10.113243690026552,7.584790642676058,3.136988320082994,0
f3d3be09-e545-49b9-92f4-d2ac548eff8e,0,human,True,,164,1357.7000000476837,0.48004969524489066,0.2598404635649822,0.0,1.6164346918164278,0.4761904842999518,-0.00021724835625308375,0.02107896845708002,0.081189931739566,4.807700826379387e-05,0.0045121100940247,0.021804339379630805,0.03493563609109674,0.11577579979772089,1.0,8.329447853053274,0.669578423082061,5.299999952316284,12.799999952316284,649.8748145579939,504.6999108381138,0.7766109711166151,16,11.568578709135393,6.455336156202339,3.7667786529102085,0
f4162dea-8a4a-4411-83de-121647889036,8,human,True,,181,1519.5,0.47692066745740647,0.22833875843449447,0.0,1.601621937641377,0.4908459022389223,-0.00039995411692499703,0.018108607956657658,0.04659874968158463,8.486646940346088e-05,0.0033888591444404567,0.015074216111945966,0.02974926094697403,0.09890495131958908,1.0,8.441666666666666,1.5860108877489527,7.3999998569488525,29.59999990463257,714.0350689452264,486.89321211123905,0.6818897744483032,9,10.707746623709186,6.83914802178817,5.898748534441072,0
f7d7904a-da98-4861-bda4-36be757a3ae1,6,human,True,,129,1066.8000001907349,0.5434438206116209,0.18061120959641977,0.0,1.136363642521141,0.5187055086125079,-0.0003011023041475175,0.01984275165511587,0.0516583825684681,8.601100544206932e-05,0.003893021188582336,0.013813457439941055,0.029135977897960606,0.1858294644425289,2.1213203435596424,8.334375001490116,0.4020334059454282,7.3999998569488525,9.400000095367432,579.3611030620801,524.978094781106,0.9061327935314518,2,8.614586564845021,6.438755482233407,2.197192855932095,0
f91fe307-445a-45f8-919f-4e234944410f,3,human,True,,161,1335.0,0.4783242774386651,0.21452440472403161,0.0,1.67378844207979,0.4822510710444582,-4.884672923937594e-05,0.017095120334432626,0.07734548869234228,4.093003823902634e-05,0.0033321154436294453,0.008824343145240159,0.027426348908054534,0.07258539495195634,0.7071067811865475,8.34375,0.26402830816712014,7.5,10.100000143051147,638.6123572846166,489.016359644542,0.765748351196714,8,11.717362625409574,7.069059606634289,9.304991055658585,0
fad3091f-d9f8-46bd-bf0b-214195e1aeb8,7,human,True,,165,1366.5,0.44372540178313097,0.16274020269869244,0.12048192840301518,0.9409939152320853,0.38877568007646657,-0.0001568045716400946,0.013708725213401851,0.0308796665055745,8.053148615151144e-05,0.0025778628288160048,0.008724004611204665,0.02161279427274779,0.03980998165340826,0.44194173824159216,8.332317073170731,0.20628419060143868,7.5,9.200000047683716,605.7860724689256,489.3260671576776,0.8077539075195197,3,11.812700325360884,5.709128467630075,7.088466540630157,0
fb14d704-5968-4b7c-84dc-db367cbdbb3c,2,human,True,,167,1383.8000001907349,0.4303362420285768,0.1626081432269916,0.11904762107498795,1.1904762107498794,0.4301075290870027,-3.1672951353720944e-05,0.017690826531790535,0.05889793768740985,0.00012287944515813786,0.0036523050358326374,0.01264911542413878,0.01956054209043687,0.03870327848960419,0.44194173824159216,8.336144579462259,0.47910013213043984,7.299999952316284,9.5,593.0809173188147,495.26255663031907,0.8350674286896459,6,13.865981100677857,8.281666136765779,1.226644566673246,0
fc30d45b-8908-4c98-ab33-5ba751048b31,4,human,True,,120,990.7000000476837,0.5662553075124969,0.25626422330181475,0.0,1.3737053393367173,0.5173952177810477,-0.0006954650988161529,0.028711585748615955,0.06999303970635205,0.00018745839608596873,0.005857814613447681,0.01621738321866294,0.018723968890826465,0.04665276362289191,0.44194173824159216,8.325210084434318,0.2922582474300297,6.699999809265137,10.0,558.9473685190534,506.30919407018473,0.9058262415863323,1,12.951145483801634,7.617105229162076,3.2319789053392474,0
fd0e6546-35ab-4204-ae6f-db5a1349a13d,7,human,True,,163,1349.7999999523163,0.47585992102025615,0.2047509440257281,0.11494252810564519,2.083333457509684,0.4554721735636206,-0.0038314474194659593,0.05538672202516112,0.11110861500663491,0.0015844074706902404,0.022787088321820796,0.2800971475626104,0.020159410118714575,0.040670090620482116,0.2683281572999747,8.332098765137754,0.7179062773166287,2.3999998569488525,14.299999952316284,631.9743722851636,501.49576269396334,0.7935381317451196,2,10.408339689147484,6.883688838706463,4.103576221396906,0
fe16bf19-9e26-4f62-bdc3-0f7e5e610688,3,human,True,,148,1229.7000000476837,0.5159310684932916,0.19356350346292944,0.16835876029250108,1.1904761769603982,0.4969039949999533,2.454478199336106e-06,0.0210463342030565,0.0820830451596119,2.695606588093368e-05,0.004454895613538072,0.015087376791030359,0.019606386122039226,0.03830283591156231,0.35355339059327373,8.365306122773358,0.46094447870117494,7.299999952316284,12.900000095367432,634.2265271121794,473.2071428032337,0.7461169197035726,6,10.600543681705375,6.370544103446989,2.1711399856808855,0
0271d358-085f-4f71-a7d4-877fbfdcab7a,4,visual,True,,98,1091.6999998092651,0.5127092788069194,0.11699580221450769,0.1834862409401759,0.7443229275647869,0.5111565110546669,-0.00010555303551769669,0.011162171019944558,0.022370096530735118,1.1741638392900343e-05,0.001780737604873786,0.004634149313557059,0.013003014443697142,0.016392126472849797,0.125,11.254639173291393,1.0616094115312502,9.400000095367432,13.600000143051147,554.5678075099901,518.8333065638712,0.9355633333522068,4,15.619938460647255,9.87957444361665,0.8987805410153801,1
0a75e8d9-01d1-4a38-a848-e5f220762166,8,visual,True,,101,833.2999999523163,0.7350212479776138,0.1489965777665889,0.2942194744156244,1.100035180396364,0.7362804201926543,0.0006359784192564186,0.020325980342558635,0.048475284992421395,3.145589563025046e-05,0.004375142877489521,0.012022439499740759,0.01858595015274828,0.02993701254486589,0.22360679774997896,8.332999999523162,0.5587584567605669,7.099999904632568,9.799999952316284,609.803593253211,487.36946970445325,0.7992236764372115,7,22.284781152229716,10.955684193906256,1.424255906098361,1
0c6c83b5-746e-4d7d-926a-0948248600e3,9,visual,True,,98,858.1999998092651,0.6507734173399025,0.1484254519331861,0.12195122234882314,1.0101525617550062,0.6540604737146327,0.000966627133825418,0.019271384473275185,0.056788072352296784,1.4417871379525875e-05,0.0038291058677726833,0.010850250897307939,0.019298345029009893,0.051649090023982935,0.5,8.847422678446032,0.49660554921053623,8.0,9.900000095367432,556.8689496257497,482.80845063026806,0.8670055153097423,6,20.421588766287986,11.368693346716885,1.6736993691932676,1
0ce8e7ea-30e4-4f0f-832d-b174b3ec46ac,2,visual,True,,162,1308.9000000953674,0.45845765745392003,0.1098332165058787,0.16835876029250108,0.7252377287274885,0.4563988901187847,0.00022539229957879795,0.018692080324464445,0.04370351258459238,1.322691057016846e-05,0.004146361706133073,0.010147378114442088,0.0334327512065594,0.0462393491823758,0.4,8.129813665188617,0.4075140025200827,7.200000047683716,9.600000143051147,599.1259149724087,495.99697579723204,0.8278676708886378,24,19.196667570405538,10.80716526556192,1.2756757538862478,1
0d0a0192-d06d-4c45-9aea-f87669c5f91f,4,visual,True,,123,652.0,0.896654552027151,0.23281296273081906,0.2898550784730582,1.4907119849998598,0.858980347203549,-0.0015109166955540197,0.04280460010042975,0.10094030455853759,0.0005556314148782522,0.014357796719137325,0.03600909325711426,0.0178188560877549,0.037260794283595314,0.3205820832459541,5.344262295081967,0.7583469107646439,4.199999809265137,7.300000190734863,570.9217535925768,517.9362895183152,0.9071931245554303,7,14.413424075804453,9.630108105088212,16.47713398355298,1
0dabcfcf-5c44-4d59-baad-14a5e5e7ca69,6,visual,True,,122,715.1000001430511,0.8281869951365843,0.2103055391772464,0.3333333333333333,1.2555145798368725,0.8359048513624399,0.0004334871886962209,0.04637069381054452,0.1370691517522219,0.00029522517896897986,0.014721877869520191,0.045511535502527276,0.020030763996213122,0.019079587363372404,0.08916750920453419,5.909917356554142,0.3738132782939579,5.0,6.800000190734863,590.3994597976634,522.3370559322783,0.8847180451541895,24,11.296340917579103,6.088625063505511,2.660975740259882,1
11aac1ef-8404-4e19-9365-6b3026ef171a,3,visual,True,,122,785.8000001907349,0.7707411093135249,0.18863341842027137,0.26666666666666666,1.159191462690916,0.7672305221071191,-0.000294282685987194,0.03494624709282437,0.07459319073150969,0.00030207401941862377,0.009974700092329708,0.025841108030718464,0.015227824384496314,0.021272452738793964,0.12840121325452925,6.494214877609379,0.7317247193900596,5.0,8.300000190734863,597.2811013050396,480.00937490844905,0.8036573965920641,4,15.75424967322978,9.471535047217133,4.462769502207968,1
17695d06-51dd-44ac-8156-c8c0e4e42c32,6,visual,True,,122,703.5,0.8387894242094117,0.22054420984607892,0.27397260452931943,1.2856486652007657,0.8333333416117563,-0.002992143371302644,0.04336746052752792,0.0929530297326132,0.0006874550369133524,0.014040414557595922,0.04952546048859437,0.011211739153329356,0.014130579347114916,0.06413213544993455,5.81404958677686,0.9008999807548059,4.200000047683716,8.100000143051147,573.7586816477908,524.0467536394058,0.9133574277854651,3,15.92543813461186,9.965436093405897,2.0279034753433747,1
2127ad52-9aa7-4649-925e-b3a7e686d689,7,visual,True,,121,750.0,0.8180840152832405,0.24307183743490957,0.25974025813176876,1.4142135623730951,0.7679502436814458,-0.004669855722361434,0.05185928763316787,0.11881350369235642,0.0005215728465501105,0.01548339344295637,0.04670017741149558,0.03367488522293531,0.036389022533076604,0.18882351809998224,6.25,1.2382783769800878,4.200000047683716,8.600000143051147,589.7308495167886,489.61209135396155,0.8302297425259981,37,18.535302525577748,9.603246993774814,8.234711675034546,1
21662d84-e875-4056-95c3-889c8ddb782b,9,visual,True,,98,635.0,0.8940664074802097,0.20343554294576396,0.33879817106580645,1.4200453956193917,0.8815597748153808,-0.00029305414182733005,0.03484456205534151,0.05968778649610981,0.0003132183576156335,0.009474884590532348,0.022877141857786745,0.012283043054845032,0.012795245693030323,0.08804520344601596,6.546391752577319,0.6622457735682742,5.099999904632568,8.200000047683716,561.3644259472209,483.4914683838796,0.8612791371096556,2,20.8184372438416,11.061208178755093,4.256004870485223,1
23a7328c-6bdb-4775-8448-472d845e7bed,8,visual,True,,251,1741.0,0.3811938079311807,0.11868002607701626,0.0,0.7142857142857143,0.38745576671687604,-0.0004054120857083482,0.026337610317293952,0.06543829567431267,2.631513482279929e-05,0.006751804941558833,0.020701044708529046,0.08388481818995794,0.09959581890650024,0.7589466384404111,6.964,0.3908759448141104,6.0,7.900000095367432,661.0162913236185,487.8114389802683,0.7379718856905555,104,21.7492752187048,10.863320247419315,1.4330003172151222,1
26e07c4d-f7cf-4160-b3cf-c2a3469d29d7,6,visual,True,,162,1408.8000001907349,0.40732581132992723,0.10244541789735476,0.1136363642521141,0.6734350220557872,0.40511812735018,0.0002111983056831362,0.014099962602813907,0.031514585554280765,1.146903809555071e-05,0.002909645927507886,0.0069154194863429224,0.019217233938654488,0.019338282436671524,0.09486832980505139,8.7503105601909,0.44930922836806236,8.0,9.900000095367432,572.0805129248045,521.8141431582704,0.912134098905863,9,15.387751467570974,9.177884419687127,0.28901880158352034,1
2da88212-18f3-4851-ad05-189dfc71b04b,0,visual,True,,98,989.0,0.5984739849969342,0.1292011575196534,0.23787956966104534,0.9026895216350364,0.5905594716949796,-0.00017562668556562233,0.015812668757178613,0.036483895242203024,-1.9110051126634175e-05,0.002896480005514878,0.009627148788666308,0.021531832937823615,0.022221281257556375,0.11806438921198889,10.195876288659793,0.6074990940212986,9.199999809265137,12.399999856948853,590.1598929119946,511.10077284230357,0.8660377958258163,16,19.194198614612798,10.38317770143399,1.0716864622674744,1
3022b4b0-660b-474d-81a9-1bdd0731a449,7,visual,True,,121,1195.0,0.48139275713468094,0.11483534706221615,0.2608695652173913,0.7359913077944885,0.4844643548383256,-0.0003722413615745741,0.01443818463720747,0.030601127615671908,1.213570992855113e-05,0.002612294442457351,0.006593000647980509,0.023812821635841426,0.022816326178239123,0.10885176765745168,9.958333333333334,1.0428792896423629,8.200000047683716,12.099999904632568,569.2181276464636,488.0,0.8573163367402321,8,18.54449764932957,9.891786517531713,1.159421268011841,1
30be0907-71d6-4b42-86b1-b448e9df9aec,0,visual,True,,162,1394.0,0.42593603685375464,0.11821699017993927,0.10869565161054211,0.6849314889533816,0.42072505565007395,-0.00010894978823503137,0.0198241375945414,0.045334672674057504,4.817550097939701e-05,0.004155031597131427,0.013073518453288897,0.039650063383347284,0.04072896545926676,0.2561315009338646,8.658385093167702,0.8640191302769968,7.099999904632568,11.0,588.8854125378241,509.4948478640388,0.8651850377280553,36,17.915563694844742,10.784026081418016,0.8869375780725306,1
35eeb643-8085-4897-8c15-f0592c9e8ff4,7,visual,True,,98,769.0,0.7623456516558844,0.1458005090399396,0.48610173171961335,1.1821479776502286,0.7533087338156292,-0.00045339626761404134,0.020672893819496115,0.05457718006182797,0.00026367600930583997,0.0044852619348306625,0.016057872669494648,0.024188541746661848,0.025401404412015778,0.12345679012345678,7.927835051546392,0.8533430257683235,6.099999904632568,9.700000047683716,581.5372026688269,490.5670188669434,0.8435694511298719,17,18.448376993641983,9.422910085447526,1.6936015611411503,1
3651b594-168c-4b98-83f4-3a52f1ba270e,0,visual,True,,162,770.2000000476837,0.7780410410411989,0.16839254365938155,0.42189962219198707,1.2297508855598056,0.7838155109161873,-0.0007098480451759922,0.04717518997730652,0.11730099238816848,7.410787776316962e-05,0.017509187062278445,0.044144067413624595,0.04036214014451805,0.045537287508545625,0.24,4.783850931973191,0.34710884586156093,4.0,6.099999904632568,596.6232997459765,510.76902803517754,0.8560997001837625,45,17.505151695183496,10.477707904039162,1.2464088543050884,1
3a85d5d4-d3f8-4fab-b387-d492e8061ae0,5,visual,True,,242,2486.100000143051,0.25293618037318916,0.07852722019026258,0.08620689726045952,0.4767012084620157,0.2594887247705887,-0.00029955825283743166,0.011991078909482809,0.028175841770824887,2.6620762778883526e-05,0.002236020467576426,0.006423576316066307,0.05298792249394272,0.0822084338288222,1.0,10.315767635448346,1.1423207086193832,8.099999904632568,13.0,621.3013966795303,485.07731342539614,0.7807439610112464,59,17.441132768969503,9.322968590516444,0.31454121972528837,1
3cf38c5d-998f-4bde-874a-ff3f37974f59,2,visual,True,,163,1783.2000000476837,0.34483634203630514,0.10569415172594969,0.14284985684928597,0.6740130776245103,0.3462925069828536,-0.0001746088864532722,0.015046384004365143,0.044118735760852276,3.7796641615603396e-05,0.002559718085340765,0.007729507218469,0.03479676132969811,0.03130834484119184,0.15551255555912177,11.007407407701752,0.9048944868479297,9.100000143051147,13.0,609.7913592304765,499.42066437022805,0.8190025273570124,50,18.783631278827624,10.930476747887132,0.5826750123416147,1
3fc28070-52d6-4674-af53-77b462789990,5,visual,True,,162,1692.2000000476837,0.36110305968604245,0.08437098778823385,0.16949152610864285,0.5500897939768231,0.3605551275463989,-0.000127300197466877,0.010916379743505315,0.020677180958651807,-1.0613825030944536e-05,0.0019047282360269053,0.004046734087338138,0.029653217244292648,0.03719593706884341,0.2683281572999747,10.510559006507352,0.7298091596557935,9.199999809265137,12.099999904632568,608.4083880190351,486.77304773374624,0.8000761615379253,13,16.443612824549927,9.405901616743344,0.49585933326693227,1
44bcc95d-97b8-4263-99e6-7ad4595ea359,3,visual,True,,98,872.2999999523163,0.7034962113884272,0.14570775949983622,0.1504482536058394,1.055439131790829,0.6984958283424193,4.2177406993777235e-05,0.018578887101364572,0.041729349802846254,1.8980373636823445e-06,0.0036670966481893805,0.007980672211339948,0.017223216181483928,0.053735297390259035,0.5303300858899106,8.992783504663054,1.0126262086003883,7.200000047683716,11.700000047683716,607.7313688743814,482.00933600916903,0.7931289393567584,2,15.876216411412141,10.395884200098264,2.8061542295212014,1
45baf65d-c6b4-40b0-88ea-00715aaac0f5,2,visual,True,,122,819.5,0.7268535924445179,0.16174133321175788,0.3076923076923077,1.2081366594417535,0.734656391488472,-0.0010027016088554669,0.02576710041253312,0.061685393781699224,0.00019254857366819708,0.0065587703645442145,0.01943182555798763,0.016379105271504955,0.020074926563668664,0.125,6.7727272727272725,0.8144358565744565,5.200000047683716,8.899999856948853,587.156549734307,495.7620396924315,0.8443438805490082,6,18.53404328968574,10.816459414483909,4.179857284310073,1
4862018c-f685-4e6b-bf7a-0fbb0aae2dba,6,visual,True,,162,787.7000000476837,0.7438852365242377,0.17917470964502935,0.3333333333333333,1.1904761769603982,0.7856741874428806,-0.0014379002731407116,0.05283061336958425,0.11022315860041833,0.0005925138966898207,0.020855562647897327,0.09793244508863999,0.02942130951056016,0.03437444979176511,0.15840149376545634,4.892546584147103,0.5021138920437898,3.200000047683716,9.0,582.5119563162214,524.7037259254026,0.9007604397403355,16,16.397815411199076,10.716528674369222,1.779238060988442,1
4c21c2cc-9e66-4588-a72b-b2d308f3b080,6,visual,True,,122,688.0,0.8616050811472286,0.24079387333923766,0.4109589067939791,1.4890986763810714,0.8246211251235321,-0.0011923349422650355,0.04885026787296271,0.1222284766395011,0.0002602454988323031,0.016270177140164828,0.03530148357720055,0.017325716261655192,0.021925553265600254,0.17888543819998318,5.68595041322314,0.8670559796864924,4.099999904632568,7.5,578.1719186586782,524.5693471791885,0.907289562585737,7,15.33622030350887,9.152693154363662,5.140555832475422,1
556be5de-7297-4180-a1f6-549965371888,3,visual,True,,98,961.3000001907349,0.6454801064819199,0.13597755242546863,0.3669724818803518,0.9753197195708095,0.6428243500164357,-0.0002646836218278649,0.01553859741789316,0.03171648862592623,2.7435362858502574e-05,0.0028247044550572882,0.006299243398551424,0.015389129786825445,0.021123348676797767,0.11180339887498948,9.910309280316854,1.0042676533836037,8.199999809265137,11.700000047683716,613.32952445684,485.00103092673936,0.790767461188588,14,15.70165047748741,10.129971866871774,1.3538085957782415,1
5b9d2b21-a332-4d3b-ba8b-93a15a8fabb0,3,visual,True,,243,1349.0999999046326,0.4671479122714585,0.12386179802580286,0.1562499976716936,0.7838155109161873,0.46260751424601154,-0.002281759667730236,0.03110151370092386,0.08321005994169445,0.0005189911540155464,0.010798452279242489,0.03885907207014469,0.02819257887608038,0.0517142512082556,0.5,5.574793388035672,0.9433022612970751,3.8000001907348633,7.900000095367432,614.039851997276,482.00103734328206,0.7849670274258036,6,15.488476777212163,10.2950156741545,2.3724605317710368,1
5bafe2c1-38bf-46ae-bcf0-996fdbfda9bf,4,visual,True,,163,1087.1999998092651,0.5277898045488428,0.13902293095238963,0.25316456154626343,0.8333333333333334,0.5266810308827428,-0.0008656567476932434,0.02722084873370557,0.06240694003341989,9.958104252470344e-05,0.007372778041101368,0.016945981532896816,0.025921148857077123,0.02697440678243129,0.16666666666666666,6.711111109933736,0.8516505308145648,5.200000047683716,8.700000047683716,564.6740419768928,520.8886637276722,0.9224590206131481,9,14.642688117929566,9.938291624848029,1.0049514031209585,1
5c9dd195-72e8-48f1-8745-e58439cfc292,5,visual,True,,243,2531.4000000953674,0.2504601165424918,0.057553039196875884,0.08547008512174946,0.3795317132067357,0.2643389824431332,-8.748825345503098e-05,0.00828210782843092,0.024815911616740922,1.9664651056518847e-06,0.0014413301937373573,0.0041273449756028145,0.05412561910423916,0.08509673174215865,0.4444444444444444,10.460330578906477,0.6678545093156215,9.099999904632568,12.0,631.896039668551,487.6248558061822,0.7716852538939103,46,16.39304493397715,9.688375180923009,0.21084865524671526,1
5ca74b7a-8439-45f9-9de4-432f795948fb,2,visual,True,,122,583.0999999046326,1.014098222684102,0.20544197554785118,0.574959574576069,1.4552555558201876,1.02851895445316,-0.0014105071184671175,0.05027444945497791,0.11719139071130225,0.0002860756673229087,0.019214754288618394,0.045743082586007414,0.020793168387295058,0.02227955999977248,0.08968665424142765,4.819008263674649,0.3207208041439508,4.0,5.599999904632568,588.1163816023764,497.01609631882144,0.8450982014217255,3,16.464826481276077,10.15496756744177,9.5852995349743,1
60898e51-bc35-42e2-8540-268fd11afb7f,0,visual,True,,163,786.8000001907349,0.7610324187208029,0.19764445633297406,0.36363636363636365,1.3468700441115744,0.7529232438729051,-0.0007942656183601018,0.05645077874964221,0.1562369238324673,0.0001316193794335554,0.021508429546626778,0.06862758673835,0.03333129036953327,0.03479764421678902,0.1885732068636385,4.856790124634166,0.37677588570360515,4.099999904632568,5.900000095367432,593.8453640004219,513.047756061753,0.8639416709522186,17,16.766350375116982,10.671719965965217,5.784910820932136,1
68ca6b42-9173-4d04-92b4-1c95a758af76,7,visual,True,,243,1239.0999999046326,0.5086187671976371,0.14813820600378097,0.1587301599315625,0.9428090415820632,0.48610174431697056,-0.001917346122330494,0.04456262778959165,0.11314055126456246,0.0005329555176341865,0.015897136556467198,0.046473724506007306,0.07914567501915991,0.0893781948065138,0.5555555555555556,5.120247933490218,0.5859610458013101,3.6999998092651367,6.700000047683716,620.7430070244608,492.2204790538484,0.7929537239788061,71,17.57753994268375,9.84565601889791,1.9455305207452578,1
6c1288c7-49cc-4a39-8136-73ab3edf42db,0,visual,True,,98,486.19999980926514,1.207105180166884,0.3107187614558542,0.2937212927252274,1.9641855553291132,1.1899902173621972,-0.003607004892789947,0.08448169669174926,0.24464918556491927,0.0013379083245410135,0.03138151834958776,0.08342276690045691,0.015497014161177604,0.01744504114650519,0.1111111111111111,5.012371132054279,1.7573561477675295,3.5999999046325684,21.800000190734863,566.6438422729901,506.66359648192605,0.8941482438943233,11,18.568945688300154,10.307696787906778,15.549308222232206,1
6d1e455b-d648-44b9-bb79-562503f837c7,4,visual,True,,98,534.0999999046326,1.0879639620784132,0.26650179186582423,0.3516565181788127,1.8595832350559085,1.0540925533894598,-0.0037467634156210204,0.06077516439839574,0.13501365436061963,0.0009691283003864742,0.02093988380287948,0.05528973383142843,0.0155208763759367,0.017922033315737437,0.12649110640673517,5.50618556602714,1.1850281156138442,4.199999809265137,14.5,564.7023582346318,519.5767508270554,0.9200895715246388,3,14.562307880352025,9.670498696734771,10.511188304028787,1
6dc35f7f-9936-42d4-95f1-698f7878852b,7,visual,True,,162,775.7999999523163,0.7220712135268575,0.12598771920176077,0.392156870078234,1.0101525904263335,0.6874516438755724,-0.0005849577554559741,0.019037519469160744,0.053110065210682934,0.0001766841467848567,0.006883362981906013,0.017586997902595613,0.00809706872504721,0.0166892499653145,0.05962847939999439,4.818633540076498,0.34912578223801316,4.1000001430511475,5.6000001430511475,557.991989011693,489.61209135396155,0.8774536211911484,0,18.465514258074673,10.086058947319538,0.9391946864768707,1
6ee73a53-6441-400b-ad37-ccb2711af2a5,4,visual,True,,162,1476.1000001430511,0.38530512368525394,0.10082821652111876,0.10101010003706325,0.7025243085360751,0.3717063152308918,0.00028351726698708105,0.014160834894175725,0.034139827182239235,2.2687541800785163e-05,0.002767994107541738,0.0062256061434439215,0.03536126278782134,0.04825237318611865,0.5,9.168322982254976,0.6658877565894701,8.100000143051147,10.899999856948853,566.1440133407046,515.5036372325611,0.9105521299972341,43,14.72393851061159,9.63577358149379,0.6526795928667554,1
6f73c628-633c-43c1-814b-545e94af4476,6,visual,True,,162,765.6000001430511,0.7666677929400039,0.18951919774678433,0.3571428480196975,1.1904761769603982,0.77138921583987,-0.0007855539557579734,0.05658725953148745,0.14665548336923542,0.0005140268132664909,0.022569485395529627,0.07294036735354742,0.023300740171769235,0.027769064911142522,0.17888543819998318,4.755279503994107,0.3687987220769176,3.5999999046325684,5.6000001430511475,583.4531595707695,524.1755431150904,0.8984020988089464,9,14.939302980892291,9.049176183713257,1.8115995868555352,1
6ff11923-31c8-4f2a-93f2-799b098f0fbc,1,visual,True,,243,1548.2999999523163,0.3973860993751378,0.14346143371002507,0.0,0.9615384527212065,0.39929785142496216,-0.00037911440462877114,0.034751717127427674,0.11829669147767614,0.00010271087027462595,0.009938538103956623,0.027449733883542462,0.07314791215882849,0.12689243329558628,1.5,6.397933884100481,0.6793560589950949,5.099999904632568,7.900000095367432,608.9520506716872,485.0,0.7964502286592755,77,18.02978265681516,10.189532173436504,1.9777962414870338,1
721f27f1-1eec-474e-a6e3-07ec045c785a,6,visual,True,,98,915.8999998569489,0.6369066331048197,0.1519555772698379,0.3157894736842105,1.0847568922474187,0.631345337657195,-0.0005159070723258375,0.017682854256661485,0.03866460707453429,0.0001262722722986937,0.003471482132505631,0.008969291877111922,0.012639883267295713,0.01323835669060875,0.07406992602581171,9.442268039762359,1.2017028257918474,7.200000047683716,11.699999809265137,573.5750271379804,525.0952294584288,0.9154778444217564,1,15.964292533590712,10.272540861434644,1.5026851618431996,1
7330414f-67c0-48d3-8ff9-89fcf925e974,8,visual,True,,251,1983.5,0.3198267418766831,0.09710400249114397,0.10869565161054211,0.612621367700225,0.3149391559908068,-0.00034983162636767685,0.01849579238658284,0.05351796831173761,6.728958429717717e-05,0.0043708984665930175,0.01610935404887481,0.04538291298524662,0.05120079021959643,0.37947331922020555,7.934,0.9088036050761995,6.1000001430511475,10.600000143051147,626.1389571378179,486.8151599940166,0.7774874162427573,56,21.42268984163642,10.95459997738481,0.9855501818410943,1
7351d8f4-c0af-43ff-bd05-e3673523f6e5,5,visual,True,,122,579.8999998569489,1.034651128308226,0.2312626980031487,0.35714286322496386,1.6448449284825257,1.0638298304062632,-0.0006546251578848077,0.06458177827355259,0.22541462631687154,0.0006079372313837971,0.028057458047820834,0.14226513827332132,0.013876583968639227,0.01803867500665868,0.10465180361560902,4.7925619822888335,0.367741669705253,3.1000001430511475,5.6000001430511475,596.4579909430727,484.65348446080526,0.8125525884807229,4,16.63434688396617,9.596921506095722,1.6774418177941586,1
758269c1-83d6-4f02-aef8-d24bd551f75c,0,visual,True,,243,1517.5,0.3956381481967233,0.13279336643703524,0.12048192840301518,0.7358268123928283,0.39095150577372306,-0.0011806494797698113,0.032399634796514795,0.07511568180017932,6.11184766215827e-05,0.009788871223674302,0.022189740314370564,0.04147183517924606,0.06746920137991515,0.6666666666666666,6.270661157024794,1.13210419359443,4.099999904632568,9.0,582.7311874240793,508.55088241001016,0.8727023598273884,37,18.586133642221164,11.193639576941715,2.5640371204091528,1
7a6696e7-310e-4009-9783-42c2a6750751,1,visual,True,,97,793.5,0.7424598411838325,0.15370281685992127,0.4682534094981723,1.110788495211977,0.7284387810689832,-0.0005031123257628499,0.025250899338281188,0.06545049391744856,-1.6301697122725627e-05,0.005549147262851283,0.012644023269872682,0.02699426144025315,0.027202289182109398,0.10591310587616742,8.265625,0.5584256347352154,7.200000047683716,9.700000047683716,587.2968643288315,482.9182125370713,0.8222727582394892,27,20.33921370905439,10.468473054979167,2.8425690155450187,1
7b98acf6-e88d-4fd1-9376-5f5a2c3a7969,9,visual,True,,162,778.8999998569489,0.7156388530593725,0.1280111010923682,0.4444444444444444,1.0347904355620954,0.6666666666666666,-0.0006496923282185046,0.02130045754925645,0.063418119227105,0.00016292443017269022,0.007717930375648889,0.021068149519146546,0.009467976798734673,0.016186665462447066,0.05962847939999439,4.837888197869248,0.3465793887139379,4.099999904632568,5.599999904632568,554.494007862098,484.7968646763302,0.874304965973408,0,20.907043310067245,11.552579439916245,2.85015679042713,1
7be50583-75fa-4351-821e-3ebc40403bc4,1,visual,True,,122,1215.5,0.46839751602088847,0.10606211120701668,0.2170939794030716,0.8051803750013053,0.47619047619047616,0.00017211931413186428,0.013378709144780766,0.030421106097922746,9.095908181402259e-06,0.0023340765377015574,0.006378199727421733,0.026850616797918815,0.03135758791178928,0.2683281572999747,10.045454545454545,0.5586287741149492,9.099999904632568,11.700000047683716,568.8813222203447,482.57849102503525,0.8482937867278374,25,16.894546463366037,9.607745315805127,0.8127595528661633,1
7fb461f1-2712-4b19-873f-fd198dfc5cb2,2,visual,True,,98,871.5999999046326,0.6774780448217179,0.1405474358102013,0.3883495163609658,1.0143181648535702,0.6818181855126846,-0.0006334999008373881,0.02039416945182968,0.052112513834004094,0.0001326198409404757,0.004293655584670803,0.009826836526422689,0.018586558650396882,0.02031989086294736,0.09944111926566372,8.98556700932611,0.9434516151982674,7.200000047683716,11.200000047683716,585.7081898572352,498.6792556343205,0.8514124683075923,5,19.171469617067757,10.493353837524365,1.097341923067805,1
81b21b58-6221-408b-a87e-5c1c58c71133,2,visual,True,,162,773.0,0.7488069112787732,0.13180544787015397,0.36363636363636365,1.0101525904263335,0.7142857061762389,-0.0004293383068828648,0.01799700453017373,0.06692199462846822,5.054706697693917e-05,0.006228596234026964,0.0187295212248177,0.00950530633223222,0.017486130981184643,0.07997788571611976,4.801242236024844,0.31047700103546044,4.099999904632568,5.599999904632568,576.6751586836917,495.99697579723204,0.86009769682014,0,18.294933517188852,10.916049574837501,2.181412683785649,1
892cd72a-054d-4848-930c-405b25f47fc1,7,visual,True,,162,1609.0,0.35679419140222285,0.0802970564507625,0.1851851860028072,0.5154639149918314,0.35698527816918396,6.265998009446819e-05,0.01005154962579071,0.024529652720452717,1.0126202071156255e-05,0.0017633073069845092,0.004471267160770435,0.03120611242957029,0.03472744886194768,0.2113084882704383,9.993788819875776,0.4785705213105314,9.099999904632568,11.0,573.5998922304332,490.24993625700756,0.8546897286725059,14,19.12871148333006,10.030992972911816,0.3849501982081021,1
8a2b9c63-c945-4a93-b3ea-c443708db094,9,visual,True,,98,907.1000001430511,0.6200967956999182,0.1285679331652192,0.23052247077398164,1.0364247369232782,0.6122448860432199,0.0001428782603183228,0.016186335828920737,0.041675241866083707,-1.736798949438892e-05,0.003203031630059026,0.007914546511856987,0.018519856620063366,0.02816465366813855,0.22360679774997896,9.35154639322733,0.6752034306309449,8.200000047683716,11.0,561.3211244771903,481.9232304008596,0.8585517440657855,10,20.514552676339505,11.368142539445298,0.5976233964048271,1
8c798c24-4db8-4844-bddb-db1e0e41506b,1,visual,True,,98,472.59999990463257,1.2026565436968837,0.27695984502169585,0.5632187428585897,1.8595832350559085,1.1331154474650633,-7.68901634040266e-05,0.0684025002525155,0.17965631566964574,0.0003798710745803275,0.026046713121087167,0.06625597642911071,0.016463228073647047,0.01964945489525444,0.14142990514772888,4.872164947470439,0.686052863797125,4.200000047683716,10.800000190734863,561.1719826735795,483.49560494382985,0.861581867719629,7,16.57492856855386,10.295954079561172,45.60231970981553,1
8cd7f5a6-ee70-4540-ab38-4e0de2b748e8,3,visual,True,,162,775.2000000476837,0.7745834523895078,0.13296975589158982,0.4081632772220868,1.0606601717798212,0.8012336167697753,-0.0005642841576132384,0.019889612073556353,0.05094710516181507,0.00021825112839472997,0.007445706602756492,0.026100911154599653,0.006382020712126426,0.015177674463372868,0.07997788571611976,4.814906832594309,0.33901779646354274,4.0,5.6000001430511475,598.10056322702,482.0,0.805884544564537,0,15.525317257509998,9.980296008717854,8.749128996867222,1
8eb2483c-85d4-46c5-bcab-5df8104328e6,9,visual,True,,122,580.9000000953674,1.027460418729891,0.20930941605941422,0.6122448860432199,1.4731390689346868,1.041666625274554,-0.0009974291002028102,0.059782165447541544,0.15021287174594256,0.0005657146902564853,0.02323430409182508,0.05441348578814747,0.029840221976952748,0.03575182044873523,0.15625,4.800826447069152,0.2963959348435084,4.099999904632568,5.699999809265137,594.0858688624946,487.34484710520945,0.8203272837280848,21,20.800931499590398,11.230292843365692,6.288322482509355,1
8f29ca5b-3d7b-4655-a8b4-0c144a2dd2a6,4,visual,True,,244,1704.0,0.3443913570863771,0.10437595214560834,0.12195121880303814,0.6629125974842208,0.33374148680384413,4.944009930571766e-05,0.021799600178670105,0.06479084087627524,3.497506100861383e-05,0.00569150770258794,0.01908227996476581,0.04655558020356097,0.04827105160961902,0.25298221281347033,7.012345679012346,0.40482156763801214,6.0,8.200000047683716,584.8860558071162,520.5247352431967,0.8899592152609899,33,14.306272285403502,9.661012567749122,0.5058343573244425,1
9027949f-fdac-43f6-a431-24010b526456,3,visual,True,,122,583.9000000953674,1.039335726943282,0.22835861138218336,0.23809523539207963,1.593928474264855,1.041241383195451,0.0011301978123365761,0.053002667064900554,0.09245561926702368,3.7359858889644654e-05,0.018871400440678605,0.0401017895263583,0.01561139977560873,0.018151818679240872,0.10621322893124001,4.825619835498904,0.3356328583674453,4.0,5.6000001430511475,606.051588819618,481.00935541837435,0.7936772451256446,12,14.79666000741581,9.493423859740588,7.258063022294745,1
90acf1ba-e6ac-43ac-bdea-f72fbf1c2491,1,visual,True,,243,1259.7000000476837,0.46748076342569556,0.14190432499701822,0.14925373028104888,0.8584646283816959,0.46729874647765807,-0.001070209143766631,0.042268844708955186,0.1198921172903479,0.0001275958135308324,0.015261998937490905,0.050064251405807336,0.057708239487014375,0.06273008335985396,0.3333333333333333,5.2053719010234865,0.6765341324077602,4.099999904632568,7.799999952316284,579.0742288793253,484.8226479858382,0.837237479768542,36,17.653723942520575,9.668462061185215,3.748127855417251,1
91da944f-e8b3-4e07-82e5-4c98815e16ab,5,visual,True,,162,907.5999999046326,0.6817239380260679,0.17580646740892245,0.28169014462874165,1.0416666770146954,0.6842969060707358,-0.0027033780121458505,0.0397721971448637,0.0867693949816363,0.00045873558229803964,0.012821516096437858,0.03195620600819534,0.021152509746404716,0.0326302527926704,0.2,5.637267080152998,0.8574713618278822,4.1000001430511475,7.700000047683716,603.2708604905469,486.77304773374624,0.806889706785985,7,17.802627963158113,9.62469124806246,8.254549729300841,1
92859c19-1f88-4718-99d4-6bdf63bf39e6,3,visual,True,,122,1015.6999998092651,0.5900614067071709,0.1231674888883436,0.25974025813176876,0.8209133687919292,0.6097561117441157,3.8492669867360005e-06,0.016375953723768127,0.03989489326185799,7.570377218507603e-05,0.0034654772542513338,0.00947230559681482,0.014030916471172251,0.016091462033630887,0.09159488092741547,8.394214874456736,0.5563008866207991,7.1000001430511475,9.5,597.3455589737637,480.00937490844905,0.803570676465901,6,16.882157812071704,9.935958495645192,0.6678817712876235,1
93fbd25b-816c-4593-a7a8-d8b8ba121b0e,4,visual,True,,122,1229.2000000476837,0.46019235437276074,0.10747537658197256,0.26315789803903855,0.7511565045285602,0.46827520062039163,4.4765849812016746e-05,0.013283637080016555,0.026563206037275182,-1.7480263424991973e-05,0.0024107219058352777,0.0058781319516813075,0.02117268347694876,0.024388695814095387,0.1836734693877551,10.158677686344493,0.6382659004849478,9.199999809265137,11.700000047683716,563.1165741920097,519.0269742508572,0.9217043113951766,9,15.234227319672417,10.130667492579459,0.4152055955531916,1
95d2e470-de4f-4557-89b2-86f661deb59c,0,visual,True,,122,785.2000000476837,0.7518153028240382,0.2003770564082027,0.29421946518570496,1.2313700343685672,0.7576143890610137,0.0001317530505955252,0.03866842405087363,0.07897469927852495,8.40859614949707e-05,0.010717422005722722,0.02291477141851229,0.025953097034081062,0.027012532122686853,0.15693481619998018,6.489256198741188,0.6577951706970692,5.200000047683716,7.700000047683716,584.3736577912147,506.99605521147794,0.8675888251496404,22,20.039790125942933,10.49466958184081,3.0381899626135387,1
98384d48-0cc6-455b-9f9e-37b5427a7a76,4,visual,True,,98,815.6999998092651,0.7116639083495999,0.17203176228454994,0.40422604928604516,1.148566136863905,0.6944444628409402,-0.0015443975152511023,0.0254529206975339,0.06657638104186306,8.143197889463153e-05,0.00554540128077131,0.019386111262233156,0.019471820628207695,0.017237683966039117,0.07165781860818263,8.409278348549124,1.0544048399092072,6.5,10.5,569.5304775114539,520.8886637276722,0.9145931329323751,8,14.693845171164853,9.341878533270176,3.0392956539426987,1
98accfcd-f4b6-4dff-bacf-d384a4783fc8,1,visual,True,,243,1199.7000000476837,0.5212289245521871,0.1975570852054996,0.0,1.0647942629110076,0.5127193200807334,-0.0008778746112384575,0.06446075926672096,0.14684809532685775,0.00046772247488141913,0.024446717743112033,0.08731066532268342,0.06928081486071411,0.07140716239204407,0.41109609582188933,4.957438016725966,0.5033425913574828,3.6000001430511475,6.5,620.1298707648707,483.65690318654606,0.7799284085283646,111,19.518561009427174,9.945041029355872,3.504055853856319,1
9c7d6642-f2a5-4103-af1a-e020e49ae297,0,visual,True,,243,2188.300000190735,0.2736022811145223,0.0808337783440349,0.09433962136835933,0.48723665256722715,0.2702752108979014,-0.0002301166526863241,0.013749754343479017,0.03911420069846565,2.330704841484928e-05,0.0028602105779629945,0.007703472379812144,0.0530067642461759,0.06041149463299818,0.4444444444444444,9.042561984259235,1.045675105167525,7.0,11.699999809265137,592.9632650521849,509.4948478640388,0.859235095818625,45,17.196784904151954,10.952235494703036,1.0229066854313622,1
9d2890bd-bd06-46fd-a6f6-7326b768856b,0,visual,True,,122,866.8999998569489,0.6821138631748419,0.14451403203407776,0.37974684231939515,1.0327620055510593,0.6871842709362768,-0.00030316472390456035,0.024763595238962353,0.06496091189686064,0.00012338583201023192,0.0061550072302670395,0.01605010804917859,0.021469274644223595,0.02332299218276796,0.16122034611053282,7.164462808735115,0.5431556808364415,6.0,8.5,587.9966047542209,510.82775962157734,0.8687597096501949,16,16.638599881931455,10.563719185860613,1.4313615752520465,1
9e2c0005-05fb-43af-8736-7d59f17f6e57,8,visual,True,,168,1672.3000001907349,0.3703818392403561,0.08987614719956911,0.1923076905442413,0.5892556422081964,0.3795317132067357,8.320332141894443e-05,0.0132311654704964,0.030687135783101158,-9.785419018543145e-06,0.0024788277359059983,0.005737826961009203,0.0359528158941914,0.037277076550550396,0.22360679774997896,10.013772456231946,0.4504045059438431,9.099999904632568,10.900000095367432,618.4899599465825,490.16323811563024,0.7925160792552953,36,20.391420624452547,10.188086829828977,0.20735656629488006,1
9fdf7405-7f89-4cd0-80bd-a90fde8e0490,2,visual,True,,162,954.0,0.6318323561808487,0.1297867804637029,0.3125000069849195,0.9803921751955851,0.6438484530118147,-0.00013443796161309078,0.026717282876029855,0.06763374924845247,0.00011301635985016117,0.007931879837147444,0.020854199835495402,0.03674751525507347,0.04412790562762305,0.2113084882704383,5.925465838509317,0.38678151415963674,5.099999904632568,6.700000047683716,600.4711399499222,495.29789016308155,0.824848784913107,34,17.910209745609645,10.865068110947103,1.639653200853234,1
a0c40cbf-1914-4956-b47f-d7fa334f7c55,1,visual,True,,98,967.8999998569489,0.57217816335998,0.12082193487000326,0.23537557657892524,0.8401268766692388,0.5500897939768231,0.00039608095059981137,0.014130345266393975,0.033868303819120704,2.3272311268495845e-05,0.0026108219610184867,0.006628217084035217,0.015287878250115766,0.02197010120297263,0.13444717581544602,9.978350513989163,0.44795683615676746,9.099999904632568,10.900000095367432,553.6145709267275,480.9261897630446,0.8687021892469238,5,16.85432832594955,9.87385158256298,1.1755707419547583,1
a0f4e2d9-c35b-4476-9b81-47ed424ca695,3,visual,True,,98,848.7999999523163,0.7165817537679883,0.13615864919894818,0.37646163262162474,1.0223230630104496,0.7194521538000612,0.000740285762473834,0.012691180069290367,0.045000966798150195,3.501663891483007e-05,0.0024925149975941986,0.009339352143270543,0.01205549543622111,0.014003569175598316,0.07905694150420949,8.750515463425941,0.4543316674550636,8.0,9.899999856948853,605.9062351490153,483.06624804471693,0.7972623815728066,0,14.994208138800117,9.569523543680846,1.8872142803065097,1
a12e72e6-15dc-497f-b5d0-e8af1edce409,7,visual,True,,97,566.2000000476837,0.9831683090607152,0.22514826470249588,0.479132985736676,1.6463471824608988,0.9447657674928807,2.1866913043176106e-05,0.047948081827502605,0.09509692801202387,0.0003137864501931905,0.01510464119183121,0.04641285035647606,0.013451515934126471,0.015537221537105404,0.08944271909999159,5.897916667163372,0.3625658406220427,5.200000047683716,6.599999904632568,553.3344535935178,482.5453346577915,0.8720681163516916,4,17.99625097174031,9.720309473294545,3.578556597176026,1
a1a4bb3f-f67a-4a22-9a85-6def20925a2f,0,visual,True,,163,956.0,0.6447821432463868,0.14626353376343998,0.3333333333333333,0.9558937308366566,0.6629126098319305,1.372646395538809e-05,0.03480836449091367,0.0899066144068754,5.7600353446988126e-05,0.010554911443258437,0.025495679007260578,0.04077007899722639,0.061458597827298414,0.45653764712721506,5.901234567901234,0.35188868266775075,5.0,6.700000047683716,615.3327321252431,513.047756061753,0.8337728992406807,46,16.214232395426375,10.446928057839287,2.3700002641041586,1
a2097f81-451e-4d7c-8ae1-46e8e0dff3f2,0,visual,True,,98,510.69999980926514,1.1654883960670646,0.2409156901808527,0.624712982605293,1.7356110390903676,1.1899901594610196,-0.002941964940897601,0.05567081467575221,0.11244566155136265,0.00020255400738292129,0.018882470633372173,0.04998574338358747,0.020448141369243014,0.023655895974428038,0.11570247933884298,5.264948451641908,0.6207812096784517,4.200000047683716,6.599999904632568,587.959291196436,512.6568052801016,0.871925680835655,23,17.799783758450904,10.559767861483948,2.7921315079413347,1
a2438731-033e-4524-b090-581da572ddae,5,visual,True,,162,791.0,0.7579736944785915,0.14395518410651492,0.37735849396110477,1.0347904355620954,0.7856741874428806,-0.000684378869586107,0.019849049350477835,0.05357431209415863,0.00018760165291964489,0.007070023161822653,0.016794025768469095,0.009555668767612501,0.019087032970649634,0.07997788571611976,4.913043478260869,0.3753475284470341,4.099999904632568,6.0,594.8594741461673,487.05646489909157,0.8187756706711095,0,17.617162664220338,9.494817233915118,4.665039201579168,1
a3ebf66c-f921-407a-ac09-9742830ae6ad,3,visual,True,,98,909.7000000476837,0.6788019262397262,0.15454544769677564,0.3603603634564543,0.988639187547174,0.6675427046218579,-0.0010067748777195784,0.021531842047867438,0.03969320979945013,0.00014629537721141806,0.0043226474299536966,0.011158509664511065,0.01090959149979913,0.01078425947925768,0.05117558525419717,9.378350515955502,1.2073850841782825,7.099999904632568,11.799999952316284,607.4917463179688,483.00414076900006,0.7950793466685054,4,15.498976912446754,10.001494419066017,2.428350639451995,1
a7b208b8-ae2f-40d8-b92e-54aa5dcae649,9,visual,True,,122,625.3000001907349,0.9321759818460208,0.22830381801612715,0.47939443954646016,1.5344610442142381,0.9090908893868948,-0.0020591545861155408,0.06363495159873993,0.19067301473566967,0.0003129202652892753,0.022884980531063723,0.055002564509111174,0.020179407665796886,0.028467407070694044,0.25,5.167768596617644,0.6414362644186683,3.799999952316284,6.700000047683716,574.0495203620111,484.02169372870054,0.8431706265052942,18,20.66813888582419,11.356614467953053,0.9317209510571652,1
a9e6efa9-b15e-486c-915c-a3af02ab3997,7,visual,True,,121,962.2999999523163,0.5862170112482981,0.12310136668214235,0.35714285308811944,0.8623253629684129,0.5618670851988599,9.903216529027014e-05,0.01774814495091759,0.04117496716113232,3.547331938757388e-05,0.003916623639059696,0.009443518228439592,0.02336651355547073,0.022589614098426924,0.12212650790322062,8.019166666269303,0.39206629230545414,7.199999809265137,9.0,563.0104844862735,488.45265891383985,0.8675729358033804,7,20.7644536217055,8.709244280437131,1.515920020564871,1
aa70c68f-3230-45f4-8570-bec838c5aa9e,7,visual,True,,242,1757.0,0.338567008270696,0.10324362226441966,0.11764705882352941,0.6216467767424858,0.33898304536814533,-0.0006844448824896912,0.02144099168425566,0.053499457570829904,9.758469860894178e-05,0.005860443889595807,0.019432690160950353,0.04029322582224956,0.05506658754323419,0.5,7.29045643153527,1.084267079590136,5.099999904632568,9.600000143051147,582.8597895709714,488.27963299732255,0.8377308603785021,28,18.33476513968607,9.805738273107563,1.6815551745319133,1
acabd2f9-a32d-4b93-a435-1ea6d9ab1bf3,5,visual,True,,97,467.40000009536743,1.2805496573568824,0.3193805905226335,0.25641025014020846,2.144080130123394,1.2679416995915624,-0.00044932322227497973,0.08186768247876432,0.20406059230678497,-9.226028978870763e-05,0.0303031732892987,0.06669820774106192,0.027459412223420694,0.101253669347447,1.0,4.868750000993411,0.46844432980059675,3.700000047683716,6.6000001430511475,594.1566757024622,478.85279575251514,0.805936910809552,7,17.145701474644785,9.667492115677806,22.723843886693146,1
ae0fda01-e0b0-4345-9cc6-e7c796963984,0,visual,True,,122,1206.5999999046326,0.4863200591816966,0.10000497018085512,0.2777777790042108,0.7114582486036498,0.4810395810819145,4.475763676196135e-05,0.012151954760333938,0.03481339384323709,-5.254895927936605e-06,0.0022068356090229617,0.004621549205113536,0.023731825983344574,0.02456891596002134,0.109375,9.971900825658121,0.4843370053841243,9.0,10.900000095367432,585.6985162165342,510.15781871887447,0.8710246049697483,10,16.399043943045445,10.480561250520765,0.49638630245460363,1
afc206f0-1f8b-477f-b37e-6d5c89d956ba,0,visual,True,,122,668.7999999523163,0.8950568764778911,0.25172185700054583,0.33879818330456096,1.537188606949757,0.858980347203549,-0.003967179216292741,0.06408370762629156,0.12153260745635408,0.0007726915610107801,0.02169471753282606,0.060548189626875644,0.02420930111239699,0.027492495905359484,0.18101933598375616,5.527272726878647,0.954588737632424,4.199999809265137,7.900000095367432,583.6886476631262,508.27256467371916,0.870793987014575,22,18.22050221256848,10.141358638256415,6.432271405133605,1
b10455df-0c95-43d1-8d4e-e4b42ae48f82,2,visual,True,,98,468.5,1.2791548154064187,0.24146172434891805,0.8084520985720903,1.9049388788787711,1.2806248474865698,-0.00042352107032355633,0.06707390415364686,0.18347907008145542,0.00035514595341675783,0.025907549766025956,0.06688848238584484,0.022294604092212306,0.023972109680739373,0.1,4.829896907216495,0.2854423054595316,4.099999904632568,5.599999904632568,598.864512575423,497.24440670559585,0.8303120259492272,17,18.665950727704015,10.512792946842273,28.65376430908579,1
b1d3d5c7-8256-41f0-a6e8-d0ff50d27b66,2,visual,True,,97,1006.4000000953674,0.5919212746225483,0.10872084844731801,0.34188034048699784,0.8398117974141937,0.6069697858161223,-0.0001421964426777871,0.01174335136182052,0.025181943807353956,7.025825573289535e-06,0.0019608623242250056,0.004711263922749076,0.025659404996204453,0.029984675967911184,0.13703203194062977,10.483333334326744,0.6493051880451887,9.199999809265137,11.700000047683716,593.2282416382238,494.5563668582177,0.8336696268749448,18,17.745496200477753,10.714887163954707,0.5128785510480979,1
b23f5fea-7694-4fec-aea7-64963c60a59b,7,visual,True,,162,1690.2000000476837,0.33997094491926666,0.08091361066331465,0.09345794454996571,0.5263157894736842,0.33287133264930313,-0.00014434932094262648,0.009757633780430956,0.022151367438022897,6.08392626258628e-06,0.001694608587464903,0.0051636982502832555,0.024256825720144634,0.02863442062447719,0.17654266117611203,10.498136646258905,1.1087159964159738,9.099999904632568,21.399999856948853,569.6458976893027,488.804664462196,0.8580851129534522,6,18.19439433591254,10.549504050674466,0.6273569743893187,1
b24661d2-3947-4493-8b58-07ab6149750a,6,visual,True,,162,1702.2999999523163,0.34494941706939375,0.0848518438751462,0.17391304347826086,0.5434782721369841,0.35240219596863637,-3.416901518694935e-05,0.010339706625784423,0.025153831301370264,2.9923657946137937e-06,0.0018165477642882208,0.004645873565314439,0.026517844806303696,0.028074725701051295,0.14087232551362555,10.573291925169666,0.726581173426718,9.0,12.0,583.7703743577969,524.7037259254026,0.8988186947695432,16,13.643204522091775,8.017013225572747,0.3097814638212325,1
b28cc375-84ae-4b6e-9207-a2276818ac0b,7,visual,True,,97,1013.7999999523163,0.5562187094023748,0.11357953214446273,0.20514384935190347,0.8051803947920233,0.5697690161414976,0.000253134638768758,0.011338540948380821,0.028397869575610846,2.7762599493881504e-05,0.0019015284381731742,0.004949360864769565,0.015745846328090406,0.025319315133085742,0.22360679774997896,10.560416666169962,0.7247814678054253,9.299999952316284,12.800000190734863,561.3566390880665,484.5141896786925,0.8631129587525573,1,17.386308896041164,9.990393128360894,0.17188437123054842,1
b485866c-dc56-401f-9dff-7ae3968d7b3c,6,visual,True,,162,772.5,0.7731755073252771,0.22477102781957617,0.2,1.3067600866053835,0.7838154702909319,-4.467356609116069e-05,0.06669510023352387,0.17124802127632704,0.0003143567967703355,0.02516453347265798,0.0645898608584585,0.03420100992219049,0.031054836564779042,0.14934236052217706,4.798136645962733,0.33090729616495135,4.0,5.599999904632568,595.267617212522,523.6506469011568,0.8796894569089309,41,15.134174088531886,9.131823312852006,2.9620520173427196,1
b4d9a2c7-7834-445e-b31a-d25c7a513f94,1,visual,True,,122,1351.2999999523163,0.43128515287153973,0.1156098209990414,0.18518518191469718,0.7001070470205518,0.4132231437527297,-8.440783489326343e-05,0.014954705713070102,0.04738794260861738,1.1396060985160837e-05,0.0025442526691429033,0.008607396188766343,0.023713026995077678,0.025842066278461917,0.18950461735799473,11.167768594647242,1.1150521621962184,9.0,14.099999904632568,577.6288477258375,485.6500797899657,0.8407649335762951,18,19.03963477570945,9.894237411595876,1.7952060181542733,1
b852e8a0-166c-412c-b90f-433f044ce352,5,visual,True,,121,573.5999999046326,1.0598410805735183,0.23325166494926525,0.46584749994023533,1.5713484026367723,1.0638298304062632,-0.0003571573464577814,0.06281425125616703,0.16695723217124067,-0.00013030787099605493,0.0236026574103097,0.06325766412510832,0.01888516289029536,0.025577411190289265,0.18190171877724975,4.7799999992052715,0.34219876145133016,3.4000000953674316,5.5,605.5929420745954,484.38104834933415,0.7998459273484554,14,16.469885095011108,10.14421406794813,6.949299939658734,1
b90c8509-5085-434b-9730-75c5d15f3eb9,1,visual,True,,162,794.7999999523163,0.7061750432181494,0.12440351591084939,0.3125000031044086,1.0347904355620954,0.6666666666666666,-0.0005105791704452248,0.01741682722045056,0.049495721325118196,9.055517870478638e-05,0.005939436547153786,0.025352533378816915,0.01029859693927056,0.018848904205930654,0.07997788571611976,4.936645962436747,0.4974081197467037,4.099999904632568,9.599999904632568,557.6794549203745,483.9142486019605,0.8677283058079552,0,18.36248917231396,9.770095712599698,2.431924298318981,1
ba641344-7001-433d-a712-f7db37a26d28,0,visual,True,,98,791.2000000476837,0.7242232098086094,0.14222655714683574,0.47058823529411764,1.1019846213539553,0.7058823529411765,-8.501441266059668e-06,0.016088532016339408,0.04885153486120095,-8.058380151475958e-05,0.003597891459761588,0.008844770543628316,0.015012109112898823,0.02195420581751964,0.17911454838969013,8.15670103141942,0.3531616519504507,7.199999809265137,8.900000095367432,571.7125757893044,511.76947935569586,0.8951516916505617,5,18.348302579388125,10.384803611662504,1.1893341730026823,1
bb4c379c-5419-4e47-8187-6208ff8f2ad7,0,visual,True,,122,762.2999999523163,0.8017286444292796,0.16321608762687245,0.42163702135578396,1.1785113019775793,0.8093681828867407,-0.001071596046749484,0.03457742672370162,0.07724512579693159,-5.4216921852089595e-05,0.00992144728299452,0.024495542545830643,0.032344686222522054,0.03967658762466332,0.20375136133405225,6.2999999996059195,0.6099722286482461,5.099999904632568,7.700000047683716,606.4058471557881,512.1064342497564,0.844494552042461,23,16.233907200863566,10.592973032600693,1.4052908261488632,1
bb60d639-10b3-43f8-9344-f7962a3b23af,5,visual,True,,243,1688.6000001430511,0.3718773909750224,0.10799528596377544,0.13333333333333333,0.6527139518645053,0.382219876796603,-6.984271813709238e-05,0.023181980936598987,0.0560697721049165,4.638611569046237e-05,0.006002516439743168,0.014446572904876517,0.052617101095407626,0.06415230980052092,0.4427188724235731,6.977685951004344,0.4100972646198549,6.0,8.099999904632568,625.307873105163,488.89364896672566,0.781844704015912,39,15.97310170206773,10.249970799821678,0.8986618477767839,1
bc9d59b3-7955-4ba7-87c6-d6ac89163464,8,visual,True,,168,1672.6000001430511,0.37101444596193545,0.09463631354565047,0.09900989958777429,0.6082639009136197,0.3795317132067357,9.438276869468826e-05,0.01332022540219153,0.032006720357625564,-2.4025541294108195e-06,0.0024386123373190184,0.006055329319272701,0.03494873261853132,0.08491342677882391,1.0,10.015568863132042,0.4736121914053559,9.099999904632568,10.900000095367432,618.6407090317828,486.08744069354435,0.7857346495259037,40,22.51269199431844,11.042977286501992,0.5519467633200834,1
be23964a-a533-46d9-bad8-c6521446a90f,6,visual,True,,97,706.8000001907349,0.8592307033220239,0.20796844550609905,0.5090253918718648,1.458021208134727,0.8528428920832106,-0.001908969829718407,0.03770908614347007,0.09372722207027452,0.00039399111279327966,0.008951387680183803,0.019864511141655015,0.022125174232802764,0.025272366492806387,0.16049382716049382,7.362500001986821,1.1335094881760388,5.1000001430511475,9.600000143051147,594.8038494797861,522.3370559322783,0.8781669055926806,29,14.850943893819755,8.757557445071836,0.8473350066188399,1
bf28318a-2c28-455b-aee8-312c85e9758e,9,visual,True,,98,888.4000000953674,0.6352408782391952,0.1514316249665749,0.223606797749979,0.9524694671328501,0.6382978658645928,0.0003799505696604575,0.017736226858724363,0.04547500314541835,3.576117672583578e-05,0.0034196566378504726,0.007943436255545085,0.01712569765292216,0.022141954676268356,0.11691538825545587,9.158762887581107,0.6705517886331965,8.199999809265137,10.700000047683716,559.3608436006238,482.80845063026806,0.8631430965428587,8,20.823962703227313,11.278017711876688,2.565602920934091,1
bf6a95d0-2e87-4e6a-9e8a-f4af02bf9703,3,visual,True,,98,811.2000000476837,0.7458242420931237,0.1650154155896366,0.12048192840301518,1.1904761769603982,0.7685943233930481,0.0006097397373849932,0.023354263665935317,0.07364161300321921,8.862322237202795e-05,0.0049864127166346335,0.015243977169193065,0.014459768113538201,0.02430128985561852,0.20124611797498107,8.362886598429728,0.43679233720824434,7.299999952316284,10.0,603.4241327208247,480.0,0.7954603967124942,4,17.045068261139093,10.454347097797989,1.1597641889971193,1
c34f2f19-8f54-4ec0-8836-734e149b0b88,2,visual,True,,162,797.7999999523163,0.7522416386160129,0.17099090340597106,0.2247191047355422,1.1627907105688795,0.7692307621769652,-0.001281022543189749,0.04437086468330724,0.10016922695531767,0.0005681248906909774,0.01673028470377088,0.053642856593059195,0.032193381209022064,0.039693749632427174,0.21874491996182066,4.955279502809418,0.5429274950562613,4.0,8.899999856948853,593.7489472908599,496.9688118986945,0.8370015882407019,14,17.991357644720125,11.1738453598092,2.4227800626073814,1
c4a210ab-4817-4527-9075-ad0e04058176,9,visual,True,,122,568.3999998569489,1.0505656956274507,0.24161335216036003,0.4969039949999533,1.8247916091786602,1.0056354833561831,-0.0018594492983249093,0.0753090149706879,0.21311708097940182,0.00011627257608947142,0.029932900747615395,0.09420677458474108,0.035774679091103,0.03848100727436932,0.15809423397867983,4.697520659974784,0.3808348249784965,3.1000001430511475,5.5,593.2646859612364,487.88728206420797,0.8223770832974985,39,21.2879371455478,11.426002031068366,8.979393259666379,1
c6211aeb-a3a0-47db-aa1a-aa808338a1ab,6,visual,True,,162,774.1999998092651,0.7354557331566965,0.13468689032603368,0.4081632772220868,1.0606601717798212,0.6818182039851992,-0.0006002055200913578,0.018771201021622504,0.04425239496267068,0.0001662750613963199,0.006806737748353561,0.017972297355158085,0.002870151208905612,0.009860279391391431,0.05962847939999439,4.8086956509892245,0.3500472632641019,4.0,5.599999904632568,567.1171392285935,523.7833521600319,0.9235893538193798,0,15.98490432246993,9.888571215127042,0.8940287702106239,1
cf82d5c5-dbbb-4a44-a4bb-3c88b272cbac,9,visual,True,,243,1467.7000000476837,0.40614928014208956,0.13565207015018382,0.12345679157700705,0.8838834852637778,0.3988339329228825,-0.001982988196085803,0.03567253177773757,0.08649110640673517,0.00036316531534936103,0.011525629227841722,0.035253968874262256,0.04610885605825277,0.049410292931645665,0.3333333333333333,6.064876033254891,1.081916421565409,4.099999904632568,8.5,578.5346200171127,484.90514536350304,0.8381609822229131,36,20.666279176873406,11.515492773896405,1.9769702284059145,1
d21a54df-b68a-48f7-aea9-8f6b6983999e,0,visual,True,,244,2065.899999856949,0.3006954474932781,0.10567625233348867,0.0,0.6775963421316129,0.29462782842125934,-0.0003420951535706024,0.02020584797053004,0.0617562047846107,2.916028887055268e-05,0.004550112295096314,0.01355094726016204,0.07772477729676001,0.09569857791114976,0.75,8.501646089946291,1.107585778650141,6.200000047683716,10.700000047683716,615.7863328161576,513.047756061753,0.8331587252277048,74,18.873931571405354,11.007535014459888,1.3030628517562577,1
d516ea2b-ab79-4f4c-8502-c40224aeeb5f,0,visual,True,,243,1958.0,0.32339341305171304,0.09154969739243042,0.11494252810564519,0.5733298151949044,0.3407743543368166,-0.00014209313988536632,0.017393943669046747,0.04016086694840801,2.777140558993227e-05,0.0038598695412195086,0.010569501200098362,0.07852894316834204,0.104795791498676,0.7777777777777778,8.090909090909092,0.3948009297754798,7.099999904632568,9.0,630.6134572882618,512.0439434267337,0.8119775077883751,85,17.745077684291,10.996339462428383,0.8314817507623644,1
d71f2dbe-341e-4bc3-af21-3d3eff264dd0,8,visual,True,,168,1332.7999999523163,0.4733275549649711,0.133224898845067,0.125,0.8652870479611683,0.4807401700618652,-0.00019993219925940362,0.024950893863715618,0.0717929240259177,4.421735755976243e-05,0.005730404967511541,0.014642593506300917,0.03906284461151529,0.037812939547921136,0.1836734693877551,7.980838323067762,0.41713797849678497,7.099999904632568,8.900000095367432,628.588286252157,489.16766041920636,0.7782004073537216,38,21.14256433371542,10.42895023171577,1.5184001639150055,1
d763d26d-1019-4ad5-bfaf-e1a21666e284,0,visual,True,,162,777.7000000476837,0.7276902776936045,0.14141401177712049,0.4081632772220868,1.0347904355620954,0.6818181670401711,-0.0006658273168765267,0.02169541929010367,0.0795825055106812,9.076758555137329e-05,0.007497437128696044,0.01615279254510869,0.009895979237979413,0.029054945639212057,0.25,4.8304347829048675,0.3478493742448069,4.099999904632568,5.799999952316284,562.609862863913,508.55088241001016,0.9039139126023837,1,17.90909378389629,10.782405897685777,6.481903106696573,1
dccb678d-cb6b-41e3-b986-0e7ed9112620,4,visual,True,,244,2302.0999999046326,0.26486398079631485,0.08278315175245646,0.0,0.47670119569185576,0.2570193063499028,-0.00011085560305796604,0.01320281271092306,0.03805580420579644,6.868295622762036e-06,0.0025377433537076615,0.008906801295181453,0.05592470308461524,0.06830663546116843,0.6666666666666666,9.473662551047871,0.6916058767670789,8.099999904632568,11.0,606.371502553061,519.5931100389996,0.8568890652863955,68,14.838764908875147,9.926945511620422,0.852078195037904,1
df4e2ca5-39e9-404e-9839-dac7afce07d0,8,visual,True,,101,490.90000009536743,1.2533430935904313,0.28296783291114996,0.7317072915435201,2.3249527449135785,1.219931823124147,-0.0026257267085408103,0.08266732922695555,0.2655692808899252,0.0010303390861363109,0.032558171305202624,0.09411529797475325,0.01987850559893458,0.021491937153641425,0.14407396927529884,4.909000000953674,0.5059831919554906,3.700000047683716,6.400000095367432,610.1429459106431,488.26734480200497,0.8002507413623575,8,21.50101321504772,10.547462995813056,11.07776634128607,1
e14a647b-a248-4768-9c3c-5d90af54152a,8,visual,True,,168,832.0,0.7249174578943294,0.13708046312719388,0.20833332505491078,1.0101525330836807,0.7314897796550751,-0.00043151803474130796,0.022816585608182095,0.10903624755021132,3.731913329873737e-05,0.008025335484652434,0.019783925116711443,0.013027786991307517,0.02914957096639524,0.25298221281347033,4.982035928143713,0.41919589321107326,4.099999904632568,6.299999952316284,598.9072004801228,488.1721008005271,0.8151047447904729,4,22.135474542339814,11.035232062323896,4.9764860652047425,1
e224fe14-59ee-4913-a084-83edf2f3530a,0,visual,True,,122,979.2999999523163,0.6271888283981831,0.13996507157408222,0.3130968009928334,1.104854329140368,0.6082639009136197,-0.000867274622791011,0.024333561577236606,0.05804147785280319,0.00012770457737728788,0.005736099004293106,0.017357568938565847,0.033860576295398064,0.03977897337977261,0.1890351195136125,8.093388429357987,0.9931780200321103,6.1000001430511475,10.399999856948853,606.7765609392958,511.10077284230357,0.8423212196119026,36,15.996062835371156,10.337529522256546,1.1048184378062351,1
e2e0a42b-7985-47d6-942b-d7663775c78b,9,visual,True,,243,1992.4000000953674,0.3155724585852854,0.12804987388198139,0.0,0.73529412280317,0.3015339306819035,-0.001214762581077385,0.025974754106986304,0.06487968564453532,0.000267609273714533,0.0059528044466525005,0.019760116336907007,0.07118195316086047,0.08753303455633538,1.0,8.233057851633749,1.135409665828084,6.1000001430511475,10.700000047683716,612.2005590058548,486.78537365044156,0.7951403612582886,99,20.88205382353514,11.632836382390405,0.6136077269558902,1
e4b4ed39-734e-48d0-9094-ee0b6b6c7d76,9,visual,True,,122,1021.0,0.5668941208746254,0.10802798059811598,0.2983280838319965,0.7905091744224294,0.5747126405282259,-0.00032913015177317634,0.01483645893326545,0.034188034623454204,1.4768089043198242e-05,0.002983057519621678,0.007492548374468287,0.031542340601382945,0.03381916434278168,0.21252011780740568,8.438016528925619,0.5624997460284079,7.0,10.599999904632568,576.3839770777175,487.77966337271585,0.8462755433379187,23,20.75557435560862,11.194042128024645,1.3989012126228977,1
ebd95dff-4b45-4416-8621-74c1afdff3a3,3,visual,True,,243,1447.0999999046326,0.4271483677625653,0.08562138332174114,0.15151514823114912,0.6325528500528981,0.4489566898657323,-0.0004041477374510086,0.017195745290671013,0.05551498795023049,7.82064837602162e-05,0.005139098916472999,0.02614167613787877,0.030341751282104663,0.04942168219113885,0.3333333333333333,5.979752065721622,0.5941546662864906,5.0,13.099999904632568,614.0266598690584,484.0041322137653,0.7882461199925415,15,14.179021964517831,9.961512611330487,1.0791594957050408,1
ebeb7c46-5bd5-412c-9eff-ca497ff04264,1,visual,True,,243,1413.3999998569489,0.4728495109785611,0.18478366368811236,0.0,1.1433239223296405,0.4563404168938388,-0.0021923221297645203,0.05477683887245944,0.13856687482492963,0.00046791224217516606,0.018509612701002116,0.06817168684865046,0.0990945638490466,0.12445032504467228,1.0,5.8404958671774745,0.9510393176486329,4.0,7.900000095367432,649.2486082065116,485.8188962977871,0.7482786873272108,123,16.851470890047338,10.408484484191804,2.706466961791796,1
ef1ead1c-b9aa-4b86-b473-eb4ada9543a0,0,visual,True,,162,1787.2999999523163,0.34596169568899676,0.08390384782268621,0.1587301569280531,0.5954583420518296,0.33795947618872924,-0.00017121593741453226,0.010828959559717717,0.031243184613830563,2.018546472784865e-05,0.0017858856524837967,0.004321879422461856,0.04995459437740079,0.05657457716614166,0.23692163836382477,11.101242235728673,1.0580063102743613,9.0,13.199999809265137,611.8656835437366,510.4919196226322,0.834320232940702,46,16.576697033337304,10.565215615126927,0.7236368846033743,1
ef641cb0-7be4-47cb-91b3-116cb306744d,1,visual,True,,98,605.4000000953674,0.9734799797503706,0.2939300508479792,0.36363636363636365,1.9876159799998132,0.9358096200458799,-0.006511721447115767,0.06064491116348442,0.1514243262596173,0.001339678367650806,0.01782947842622439,0.05412185537595509,0.014842520398837978,0.016773212124167467,0.13084357798113647,6.241237114385231,1.2487315235899503,4.1000001430511475,8.699999809265137,565.2715660857767,481.83399630993245,0.8523938319530067,5,18.06715332395884,9.673143892489005,12.987795991755467,1
ef6771b3-11b5-42ff-8f4d-720de85e333b,4,visual,True,,244,1558.9000000953674,0.38760588619399666,0.13443540510658394,0.1204819249421562,0.8194434539354026,0.37037037473102113,-0.0035360095714061968,0.03510437440940228,0.07917476897525873,0.0007867182179234596,0.010736897727199128,0.04066324841123191,0.04547662988224571,0.058847245590122554,0.35355339059327373,6.415226337841018,1.2920039870189173,4.199999809265137,8.900000095367432,578.733664846606,519.9576905864553,0.8984403745102174,24,14.957656406025725,9.662890263903709,1.679281665339228,1
efb00a28-48ae-4c59-8ea5-5da3964c2f98,5,visual,True,,162,1205.0,0.5297211966533365,0.14933531778257003,0.21052631578947367,1.0475655832571744,0.5150787536377127,-0.0018094103954738778,0.03074639515545142,0.07607903741501128,0.0003490561794607215,0.008055721445477235,0.028636037915978504,0.03264745062359015,0.04509431788452849,0.2640024896090939,7.484472049689441,1.257749108656291,5.1000001430511475,9.700000047683716,619.3981663123527,489.17992599860435,0.7897665065929799,19,16.793981012714443,9.737851441750195,4.8155803009524965,1
f5354d5e-2c53-4f68-8a67-197882e42fe7,0,visual,True,,243,2304.5,0.258936022307965,0.079125947355842,0.08474576134203633,0.45069390943299864,0.2570745224815964,-0.00033973315055537567,0.012726258096572619,0.030582520121471193,1.257645639237706e-05,0.0025252161018072547,0.0065901392262722285,0.05819280921016812,0.07439920240531835,0.5555555555555556,9.522727272727273,1.2873911644560196,7.0,12.0,587.2737091361392,511.43425774971314,0.8708618311928462,35,18.27646973993574,10.888299545772067,0.5371760493511784,1
f56315e9-8d9c-45b7-b4df-30dd2bc12b9d,5,visual,True,,242,2470.0999999046326,0.24641005743134944,0.05643815570177547,0.08771929751179262,0.38769368752157685,0.2594887247705887,-5.9251278139696e-05,0.0067269591035941205,0.021704193080271186,1.0686085620967573e-05,0.0011650119436229464,0.004186891537050126,0.030997258924830524,0.051252995742135196,0.4444444444444444,10.24937759296528,0.6687524966087913,9.099999904632568,12.199999809265137,605.2556058585368,485.3699619877604,0.8019255952190278,9,18.04466534222316,9.722256925387693,0.20743846908148447,1
f657e330-78e4-4b50-a26f-c6849fff9a70,8,visual,True,,168,985.7000000476837,0.6242443130017333,0.15173602273168718,0.3225806426803478,1.02851895445316,0.6111104004888191,-0.00022449382652263352,0.03431261265391257,0.08819171163281361,5.678874951923613e-05,0.010543425581093087,0.02757545938996674,0.030565384938993644,0.040009312486360374,0.377146413727277,5.90239520986637,0.36557756001129954,5.0,6.700000047683716,613.1453671317432,488.07888706642495,0.7960247491547205,20,21.790839013217585,10.881395179048436,4.616326100645481,1
f7220d3d-11a4-40e4-af2c-a17135be9227,4,visual,True,,162,772.3999998569489,0.7240233062678876,0.13958520180922296,0.4081632772220868,1.0347903753881302,0.6666666666666666,-0.0008892646979957508,0.021614681121315413,0.05094710195199188,0.00015760945105232365,0.007989731783285778,0.021085892493219665,0.008358760220340057,0.01895548828833075,0.09486832980505139,4.797515527061794,0.3568235128032246,4.0,5.800000190734863,555.4075062496687,517.0038684574807,0.9308550256162281,0,14.81991144677796,9.65173580241206,7.713917748982482,1
f8804a9a-c82a-4a04-b685-c1e525e05ab8,8,visual,True,,167,1496.7999999523163,0.4277007929893098,0.10946835517659936,0.1879048705529231,0.7542472332656508,0.42738211168866325,-0.0004444709033074175,0.01772100339069049,0.050819585846918994,5.358734737198889e-05,0.003669955783732122,0.011700599882554142,0.05033830871456681,0.056169450867655714,0.40249223594996214,9.016867469592267,0.9489777968523162,7.199999809265137,11.900000095367432,631.8157394324714,486.9917863783742,0.7707813464979751,45,21.491975603213813,10.559900887947915,1.7569076606268084,1
f8bd23b3-c57f-40ce-83ef-3ecabaf29987,8,visual,True,,251,1831.0,0.3509338401089483,0.1283936246635416,0.12345678794313146,0.8064516067008695,0.33374148680384413,-0.00021796150730765728,0.02899073042711125,0.06579419734086431,4.929514351394358e-05,0.007441680656944944,0.02802781775532378,0.060354613580441065,0.07319094136924326,0.5,7.324,0.6336434331859093,6.0,8.799999952316284,638.2415009967677,486.9917863783742,0.7630211849555681,110,21.0375086203026,10.470946339061308,0.7316935359680021,1
fa6e27e8-3817-4746-a6ad-59c998f545d6,0,visual,True,,163,1063.5999999046326,0.5657296580291681,0.17725649004895297,0.14925373559222252,1.131370849898476,0.5714285714285714,-0.00037372940283003696,0.04071010659367565,0.11220206775852654,0.00014089660394112834,0.011904564518111825,0.03314661308521242,0.04087740859067945,0.07948804550863603,0.7155417527999327,6.5654320981767444,0.830537592553291,5.0,8.899999856948853,593.5341334950248,509.54980129522176,0.858501259724927,40,19.56769409871932,10.473648295352932,3.0388098140584425,1
fd3189f7-6a88-4f39-bafa-3ccb689bd0c0,0,visual,True,,98,588.9000000953674,1.0105659580355653,0.25496333415140704,0.5225436558884554,1.6978803995280753,0.9959250573020128,-0.005924916921986447,0.05473546837696009,0.08426714241157494,0.0009563064423088554,0.01716153628723046,0.057735392188184596,0.013055052280891374,0.017364448236542256,0.12068685239272864,6.071134021601726,1.1516871326078977,4.299999952316284,8.799999952316284,575.3343350494624,508.88210815472775,0.8844980686073226,3,16.766945359147577,10.523727171280001,6.885388207240637,1
fd7a6b5b-c539-40df-abf0-c7030b03e48d,2,visual,True,,98,897.6000001430511,0.6683100920239292,0.13886365042655743,0.283018864105078,0.9762812094883317,0.6740130776245103,-5.711367506393319e-05,0.017075145917625545,0.03655166394693453,3.981579811270428e-06,0.003342652551102656,0.007804706398852375,0.015392504317617826,0.0173232854236132,0.0992975873669634,9.253608248897434,0.6902953081243911,8.0,10.600000143051147,596.1547309339027,494.84138872976257,0.8300552911063404,5,19.226885197659946,10.258188973457123,1.2299570193911817,1
